name,rtg,oil_water,fish_type,country,brand,salt,sugar,sauce,boneless,skinless,pieces,size_g,size_oz,smoked,grilled,citrus,garlic,chili_pepper,tomato,dairy,gluten,organic,kosher_cert,servings,sodium_per_serving,rda_sodium
Albert Ménès Boneless Sardines in Organic Extra Virgin Olive Oil,15.5,Olive Oil,sardines,France,Albert Ménès,Yes,No,None,Yes,No,Unstated,115,4.06,No,No,No,No,No,No,No,No,No,None,,,
"Albert Ménès Vintage Whole Anchovies, 2018",19,Olive Oil,anchovy,France,Albert Ménès,Yes,No,None,No,No,Unstated,115,4.06,No,No,No,No,No,No,No,No,No,None,,,
Alkorta Cod Fillets in Olive Oil,19,Olive Oil,cod,Spain,Alkorta,Yes,No,None,Yes,Yes,Unstated,200,7.0,No,No,No,No,No,No,No,No,No,None,2.5,370,15
Alshark Moroccan Sardines in Oil,3.25,Vegetable Oil,sardines,Morocco,Alshark,Yes,No,None,No,No,Unstated,120,4.23,Yes,No,No,No,No,No,No,No,No,None,1,603,25
Alshark Moroccan Sardines in Spicy Oil,3.25,Vegetable Oil,sardines,Morocco,Alshark,Yes,No,Spiced/Spicy,No,No,Unstated,120,4.23,Yes,No,No,No,Yes,No,No,No,No,None,1,603,25
Angelo Parodi Boneless & Skinless Sardine Fillets in Olive Oil,6.75,Olive Oil,sardines,Morocco,Angelo Parodi,Yes,No,None,Yes,Yes,Unstated,105,3.7,No,No,No,No,No,No,No,No,No,None,1,300,10
"Angelo Parodi Grated Mullet Bottarga (Salted, Dried Roe)",8.5,None,mullet,Italy,Angelo Parodi,Yes,No,None,Yes,Yes,Unstated,20,0.7,No,No,No,No,No,No,No,No,No,None,,,10
Angelo Parodi Mackerel Filets in Olive Oil,6.5,Olive Oil,mackerel,Italy,Angelo Parodi,Yes,No,None,Yes,Yes,Unstated,125,4.4,No,No,No,No,No,No,No,No,No,None,1,330,14
Angelo Parodi Mackerel Filets in Olive Oil with Ginger and Chili Pepper,6.5,Olive Oil,mackerel,Italy,Angelo Parodi,Yes,No,"Ginger, Chili Pepper",Yes,Yes,Unstated,125,4.4,No,No,No,No,Yes,No,No,No,No,None,1,330,14
Angelo Parodi Portuguese Sardines in Olive Oil,5,Olive Oil,sardines,Italy,Angelo Parodi,Yes,No,None,No,No,Unstated,120,4.23,No,No,No,No,No,No,No,No,No,None,1,420,18
Angelo Parodi Salmon al Naturale (in water),12.5,Water,salmon,Italy,Angelo Parodi,Yes,No,None,Yes,Yes,Unstated,120,4.2,No,No,No,No,No,No,No,No,No,None,1,140,6
Angelo Parodi Spicy Portuguese Sardines in Olive Oil,5,Olive Oil,sardines,Italy,Angelo Parodi,Yes,No,Spiced/Spicy,No,No,Unstated,120,4.23,No,No,No,No,Yes,No,No,No,No,None,1,420,18
Angelo Parodi Trancio di Tonno all'Olio d'Oliva (Yellowfin Tuna Loin Slice in Olive Oil),13.5,Olive Oil,tuna,Italy,Angelo Parodi,Yes,No,None,,,,150,5.29,No,No,No,No,No,No,No,No,No,None,1,420,18
Angelo Parodi Ventresca di Tonno in Olio d'Oliva (Yellowfin Ventresca in Olive Oil),17,Olive Oil,tuna,Italy,Angelo Parodi,Yes,No,None,,,,115,4.06,No,No,No,No,No,No,No,No,No,None,1,420,18
Appel Herring Fillets in Paprika Sauce,6.5,Canola Oil,herring,Germany,Appel,Yes,Yes,"Papkrika, Tomato",,,,200,7.05,No,No,No,No,No,Yes,Yes,No,No,None,2.5,410,16
Appel Herring Fillets in Tomato Sauce,6.5,Canola Oil,herring,Germany,Appel,Yes,Yes,Tomato,,,,200,7.05,No,No,No,No,No,Yes,No,No,No,None,2.5,390,17
"Appel Smoked Trout Fillets, Skinless in Canola Oil",9.5,Canola Oil,trout,Germany,Appel,Yes,No,None,,,,110,3.88,Yes,No,No,No,No,No,No,No,No,None,1,490,21
"Ar de Arte Wild Codfish in EVOO with Garlic and Black Pepper, Fernando Rei Edition",18.5,Extra Virgin Olive Oil,cod,Spain,Ar de Arte,Yes,No,"Garlic, black pepper",,,,110,3.88,No,No,No,Yes,No,No,No,No,No,None,1,270,10
"Ar de Arte Cockles in Brine 30/40, Fernando Rei Edition",46,Salt Brine,cockles,Spain,Ar de Arte,Yes,No,None,Yes,Yes,30/40,110,3.88,No,No,No,No,No,No,No,No,No,None,1,370,15
"Ar de Arte Fried Mussels in Escabeche 7/10, Fernando Rei Edition",28,"Olive Oil, Wine Vinegar",mussels,Spain,Ar de Arte,Yes,No,Escabeche,Yes,Yes,7/10,110,3.88,No,No,No,Yes,Not Specified,No,No,No,No,None,1,400,15
"Ar de Arte Razor Clams in Brine, Fernando Rei Edition",33.5,Salt Brine,razor clam,Spain,Ar de Arte,Yes,No,None,Yes,Yes,8,110,3.88,No,No,No,No,No,No,No,No,No,None,1,370,18
Ar de Arte Scallops with Garlic and Chili Pepper (con Allo e Guindilla)),28,Olive Oil,scallops,Spain,Ar de Arte,Yes,No,"Chili, garlic",,,Unstated,110,3.9,No,No,No,Yes,Yes,No,No,No,No,None,1,240,10
"Ar de Arte Small Sardines in Olive Oil 14/16, Fernando Rei Edition",23,Olive Oil,sardines,Spain,Ar de Arte,Yes,No,none,No,no,14/16,110,3.88,No,No,No,No,No,No,No,No,No,None,1,390,18
"Ar de Arte Small Scallops in Vieira Sauce 12/16, Fernando Rei Edition",24.5,Olive Oil,scallops,Spain,Ar de Arte,Yes,No,Tomato,yes,yes,12/16,110,3.88,No,No,No,No,No,Yes,No,No,No,None,1,520,25
Arroyabe Anchovy Fillets in Olive Oil,8,Olive Oil,anchovy,Spain,Arroyabe,Yes,No,None,Yes,Yes,Unstated,50,1.8,No,No,No,No,No,No,No,No,No,None,2,950,42
Arroyabe Bonito del Norte (Albacore) in Olive Oil,9.5,Olive Oil,tuna,Spain,Arroyabe,Yes,No,None,,,,111,4.0,No,No,No,No,No,No,No,No,No,None,1,290,13
Arroyabe Ventresca of Bonito del Norte (Albacore) in Olive Oil,23,Olive Oil,tuna,Spain,Arroyabe,Yes,No,None,,,,111,3.9,No,No,No,No,No,No,No,No,No,None,1.5,218,9
Artesanos Alalunga Cocochas de Merluza Europea (European Hake Cheeks) in Olive Oil 6/8,37,Extra Virgin Olive Oil,hake,Spain,Artesanos Alalunga,Yes,No,None,Yes,Yes,Unstated,134,4.73,No,No,No,No,No,No,No,No,No,None,1.34,200,?
Artesanos Alalunga Cuttlefish In Its Own Ink,23,Extra Virgin Olive Oil,cuttlefish,Spain,Artesanos Alalunga,Yes,No,Ink,,,Unstated,138,4.87,No,No,No,Yes,No,No,No,No,No,None,1.38,160,?
Artesanos Alalunga European Hake in Salsa Verde,24,Olive Oil,hake,Spain,Artesanos,Yes,No,Salsa Verde,,,,138,4.87,No,No,No,Yes,No,No,No,No,No,None,1,280,
Artesanos Alalunga European Hake Loins in Olive Oil (Lomos de Merluza Europea),24,Extra Virgin Olive Oil,hake,Spain,Artesanos Alalunga,Yes,No,None,Yes,Yes,Unstated,138,4.87,No,No,No,No,No,No,No,No,No,None,1.38,200,?
Artesanos Alalunga Mackerel in Olive Oil,20,Olive Oil,mackerel,Spain,Artesanos,Yes,No,None,,,,138,4.87,No,No,No,No,No,No,No,No,No,None,1,200,
Artesanos Alalunga Sea Bass with Olive Oil,32,Olive Oil,sea bass,Spain,Artesanos,Yes,No,None,,,,138,4.87,No,No,No,No,No,No,No,No,No,None,1,190,
Artesanos Alalunga Sea Bass with Pesto,32,Olive Oil,sea bass,Spain,Artesanos,Yes,Yes,Basil Pesto,,,,138,4.87,No,No,No,Yes,No,No,No,No,No,None,1,95,
Artesanos Alalunga Tarantelo de Bonito del Norte in Extra Virgin Olive Oil,27,Extra Virgin Olive Oil,tuna,Spain,Artesanos Alalunga,Yes,No,None,,,,138,4.87,No,No,No,No,No,No,No,No,No,None,0.88,500,?
Artesanos Bonito del Norte (Albacore) Loins in Tomato Sauce,23,Olive Oil,tuna,Spain,Artesanos,Yes,Yes,Tomato,,,,138,4.87,No,No,No,Yes,Yes,Yes,No,No,No,None,1,280,
Artesanos Bonito del Norte (Albacore) Loins with Onion and Green Peppers,23,Olive Oil,tuna,Spain,Artesanos,Yes,No,"Pepper, Onion",,,,138,4.87,No,No,No,No,No,No,No,No,No,None,1,280,
AS do MAR Ventresca of Yellowfin,25,Olive Oil,tuna,Italy,AS do MAR,Yes,No,None,,,,125,4.4,No,No,No,No,No,No,No,No,No,None,1,310,14
AS do MAR Yellowfin Loin,12.5,Olive Oil,tuna,Italy,AS do MAR,Yes,No,None,,,,200,7.05,No,No,No,No,No,No,No,No,No,None,1,670,29
Ati Manel Garfish in Olive Oil,8,Olive Oil,garfish,Portugal,Ati Manel,Yes,No,None,,,,120,4.2,No,No,No,No,No,No,No,No,No,None,1,85,10
Ati Manel Garfish in Spiced Olive Oil,8,Olive Oil,garfish,Portugal,Ati Manel,Yes,No,None,,,,120,4.2,No,No,No,No,Yes,No,No,No,No,None,1,85,10
Ati Manel Mackerel Fillets in Olive Oil,9,Olive Oil,mackerel,Portugal,Ati Manel,Yes,No,None,,,,125,4.4,No,No,No,No,No,No,No,No,No,None,1,85,14
Ati Manel Mussels in Escabeche,10,"Sunflower Oil, Wine Vinegar",mussels,Spain,Ati Manel,Yes,No,Escabeche,,,,110,3.9,No,No,No,Yes,No,No,No,No,No,None,1,110,10
Ati Manel Octopus in Garlic Sauce,14.5,Sunflower Oil,octopus,Spain,Ati Manel,Yes,No,Garlic,,,,110,3.9,No,No,No,Yes,No,No,No,No,No,None,1,100,10
Ati Manel Razor Clams in Brine,18,Brine,razor clam,Spain,Ati Manel,Yes,No,None,,,,110,3.9,No,No,No,No,No,No,No,No,No,None,1,100,19
Ati Manel Sardines in Olive Oil,8,Olive Oil,sardines,Portugal,Ati Manel,Yes,No,None,,,,125,4.4,No,No,No,No,No,No,No,No,No,None,1,80,15
Ati Manel Sardines in Olive Oil with Lemon,8,Olive Oil,sardines,Portugal,Ati Manel,Yes,No,Lemon,,,,125,4.4,No,No,Yes,No,No,No,No,No,No,None,1,68,16
Ati Manel Sardines in Spicy Olive Oil,8,Olive Oil,sardines,Portugal,Ati Manel,Yes,No,Spicy oil,No,No,Unstated,120,4.2,No,No,No,No,Yes,No,No,No,No,None,1,560,
Ati Manel Sardines in Tomato Sauce,8,Olive Oil,sardines,Portugal,Ati Manel,Yes,Yes,Tomato,,,,120,4.2,No,No,No,No,No,Yes,No,No,No,None,1,110,14
Ati Manel Scallops in “Caldeirada” Sauce,12,Olive Oil,scallops,Spain,Ati Manel,Yes,Yes,Caldeirada,,,,120,4.2,No,No,No,No,No,Yes,No,No,No,None,1,100,10
Ati Manel Spiced Mussels in Escabeche,10,"Sunflower Oil, Wine Vinegar",mussels,Spain,Ati Manel,Yes,No,Escabeche,,,,110,3.9,No,No,No,Yes,Yes,No,No,No,No,None,1,100,10
Ati Manel Spiced Tuna Fillets in Olive Oil,13.5,Olive Oil,tuna,Portugal,Ati Manel,Yes,No,Spicy oil,,,,120,4.2,No,No,No,No,Yes,No,No,No,No,None,1,130,24
Ati Manel Squid Pieces in Ink,8,Sunflower Oil,squid,Spain,Ati Manel,Yes,No,"Tomato, onion, squid ink",,,,110,3.9,No,No,No,No,Yes,Yes,No,No,No,None,1,118,21
Ati Manel Tuna Fillets in Olive Oil,13.5,Olive Oil,tuna,Portugal,Ati Manel,Yes,No,None,,,,110,3.9,No,No,No,No,No,No,No,No,No,None,1,55,11
Belveder Cod Liver,4.5,None,cod,?,Belveder,Yes,No,None,,,Unstated,120,4.2,No,No,No,No,No,No,No,No,No,None,2,278,11
"Belveder Riga Smoked Sprats in Oil, 160g",3.5,Rapeseed Oil,sprats,Latvia,Belveder,Yes,No,None,No,No,Unstated,160,5.6,Yes,No,No,No,No,No,No,No,No,None,3,220,10
"Belveder Riga Smoked Sprats in Oil, 240g",4.5,Rapeseed Oil,sprats,Latvia,Belveder,Yes,No,None,No,No,Unstated,240,8.5,Yes,No,No,No,No,No,No,No,No,None,3,220,10
Bogar Cockles in Brine 45/55,18,Water,cockles,Spain,Bogar,Yes,No,None,,,45/55,111,4.0,No,No,No,No,No,No,No,No,No,None,2,370,16
Bogar Mussels in Escabeche 12/16,9,Sunflower Oil,mussels,Spain,Bogar,Yes,No,Escabeche,,,12/16,111,4.0,No,No,No,No,No,No,No,No,No,None,2,510,22
Bogar Sardines in Spicy Oil 3/5,8,Sunflower Oil,sardines,Spain,Bogar,yes,No,Spiced/Spicy,No,No,3/5,115,4.0,No,No,No,No,Yes,No,NO,No,No,None,2,240,11
Bogar Squid Pieces in Ink,6.5,Sunflower Oil,squid,Spain,Bogar,Yes,No,Ink,,,Unstated,111,4.0,No,No,No,No,No,Yes,No,No,No,None,2,260,11
Bon Appetit Sardines in Hot Olive Oil,3.5,Olive Oil,sardines,Portugal,Bon Appetit,Yes,No,Spiced/Spicy,No,No,Unstated,120,4.23,No,No,No,No,Yes,No,No,No,No,None,1,170,7
Bon Appetit Sardines in Hot Sunflower Oil,3.5,Sunflower,sardines,Portugal,Bon Appetit,Yes,No,Spiced/Spicy,No,No,Unstated,120,4.23,No,No,No,No,Yes,No,No,No,No,None,1,300,13
Bon Appetit Sardines in Hot Tomato Sauce,3.5,Sunflower,sardines,Portugal,Bon Appetit,Yes,No,Spiced/Spicy Tomato,No,No,Unstated,120,4.23,No,No,No,No,Yes,Yes,No,No,No,None,1,160,7
Bon Appetit Sardines in Olive Oil,3.5,Olive Oil,sardines,Portugal,Bon Appetit,Yes,No,None,No,No,Unstated,120,4.23,No,No,No,No,No,No,No,No,No,None,1,190,8
Bon Appetit Sardines in Sunflower Oil,3.5,Sunflower,sardines,Portugal,Bon Appetit,Yes,No,None,No,No,Unstated,120,4.23,No,No,No,No,No,No,No,No,No,None,1,170,8
Bon Appetit Sardines in Tomato Sauce,3.5,Sunflower,sardines,Portugal,Bon Appetit,Yes,No,Tomato,No,No,Unstated,120,4.23,No,No,No,No,No,Yes,No,No,No,None,1,280,12
Briosa Gourmet Boneless Skinless Sardines in Olive Oil,10,Olive Oil,sardines,Portugal,Briosa,Yes,No,None,Yes,Yes,Unstated,120,4.23,No,No,No,No,No,No,No,No,No,None,1,340,15
Briosa Gourmet Mackerel Fillets in Olive Oil,8,Olive Oil,mackerel,Portugal,Briosa,Yes,No,None,Yes,Yes,Unstated,120,4.23,No,No,No,No,No,No,No,No,No,None,1,340,15
Briosa Gourmet Sardines in Olive Oil,7,Olive Oil,sardines,Portugal,Briosa,Yes,No,None,No,No,Unstated,120,4.23,No,No,No,No,No,No,No,No,No,None,1,340,15
Briosa Gourmet Spiced Mackerel Fillets in Olive Oil,8.75,Olive Oil,mackerel,Portugal,Briosa,Yes,No,Spiced/Spicy,Yes,Yes,Unstated,120,4.23,No,No,No,No,Yes,No,No,No,No,None,1,340,14
Briosa Gourmet Spiced Sardines in Olive Oil,7,Olive Oil,sardines,Portugal,Briosa,Yes,No,Spiced/Spicy,No,No,Unstated,120,4.23,No,No,No,Yes,Yes,No,No,No,No,None,1,340,15
Briosa Gourmet Tuna Fillets in Olive Oil with Chickpeas,8,Olive Oil,tuna,Portugal,Briosa,Yes,No,"Chickpeas, onion",,,,120,4.23,No,No,No,No,No,No,No,No,No,None,1,620,26
Callol Serrats L’Escala Anchovy Fillets,13,Olive Oil,anchovy,Spain,Callol Serrats,Yes,No,None,Yes,Yes,Unstated,50,1.76,No,No,No,No,No,No,No,No,No,None,2,880,37
"Callol Serrats L’Escala Anchovy Fillets, 100g glass jar",19,Olive Oil,anchovy,Spain,Callol Serrats,Yes,No,None,Yes,Yes,Unstated,100,3.5,No,No,No,No,No,No,No,No,No,None,4,880,37
"Chatka King Crab 100% Legs, 121g",77,Water,king crab,Spain,Chatka,Yes,No,None,Yes,Yes,Unstated,121,4.3,No,No,No,No,No,No,No,No,No,None,1,,
"Chatka King Crab 100% Legs, 185g",105,Water,king crab,Spain,Chatka,Yes,No,None,Yes,Yes,Unstated,185,6.5,No,No,No,No,No,No,No,No,No,None,2,,
"Chatka King Crab 15% Legs, 121g",43,Water,king crab,Spain,Chatka,Yes,No,None,Yes,Yes,Unstated,121,4.3,No,No,No,No,No,No,No,No,No,None,1,836,
"Chatka King Crab 15% Legs, 185g",50,Water,king crab,Spain,Chatka,Yes,No,None,Yes,Yes,Unstated,185,6.5,No,No,No,No,No,No,No,No,No,None,2,,
"Chatka King Crab 60% Legs, 121g",53,Water,king crab,Spain,Chatka,Yes,No,None,Yes,Yes,Unstated,121,4.3,No,No,No,No,No,No,No,No,No,None,1,,
"Chatka King Crab 60% Legs, 185g",68,Water,king crab,Spain,Chatka,Yes,No,None,Yes,Yes,Unstated,185,6.5,No,No,No,No,No,No,No,No,No,None,2,,
"Codesa Serie Rosa Anchovy Fillet in Olive Oil, 7/10",20,Extra Virgin Olive Oil,anchovy,Spain,Codesa,Yes,No,None,Yes,Yes,7/10,55,1.94,No,No,No,No,No,No,No,No,No,None,2,552,24
Codesa Serie Limitada (Limited Series) Anchovy Fillet in Olive Oil,20,Extra Virgin Olive Oil,anchovy,Spain,Codesa,Yes,No,None,Yes,Yes,7/10,55,1.94,No,No,No,No,No,No,No,No,No,None,3,733,31
Codesa Serie Oro (Gold Series) Anchovy Fillet in Olive Oil,15.5,Olive Oil,anchovy,Spain,Codesa,Yes,No,None,Yes,Yes,8/10,55,1.94,No,No,No,No,No,No,No,No,No,None,3,733,31
Cole's Select Snow Crab,16,Water,crab,Chile,Cole's,Yes,No,None,,,,150,5.3,No,No,No,No,No,No,No,No,No,None,2,250,11
Cole's Smoked Mussels in Olive Oil,8.5,Olive Oil,mussels,Chile,Cole's,Yes,No,None,,,Unstated,114,4.0,Yes,No,No,No,No,No,No,No,No,None,1,207,9
Cole's Smoked Rainbow Trout in Olive Oil,8.5,Olive Oil,trout,Chile,Cole's,Yes,No,None,Yes,No,Unstated,91,3.2,Yes,No,No,No,No,No,No,No,No,None,1,300,13
Cole's Smoked Salmon in Olive Oil,9.5,Olive Oil,salmon,Chile,Cole's,Yes,No,None,Yes,Yes,Unstated,91,3.2,Yes,No,No,No,No,No,No,No,No,None,1,300,12.5
Cole's Smoked Trout with Lemon & Cracked Pepper,8.5,Olive Oil,trout,Chile,Cole's,Yes,No,"Lemon, Pepper",Yes,No,Unstated,91,3.2,Yes,No,Yes,No,No,No,No,No,No,None,1,374,16
"Cole's Stuffed Calamari with Rice, Tomato, Onion, and Spices",9,"Sunflower Oil, Soybean Oil",squid,Portugal,Cole's,Yes,No,Tomato,,,Unstated,115,4.1,No,No,No,No,No,Yes,No,No,No,None,1,820,36
Cole's Tuna Fillets in Olive Oil,11,Olive Oil,tuna,Cape Verde,Cole's,Yes,No,None,,,,190,6.7,No,No,No,No,No,No,No,No,No,None,2,280,12
Cole's Tuna Fillets in Olive Oil & Fennel,11,Olive Oil,tuna,Cape Verde,Cole's,Yes,No,Fennel Seeds,,,,190,6.7,No,No,No,No,No,No,No,No,No,None,1.5,170,7
Cole's Tuna Fillets in Olive Oil with Oregano,11,Olive Oil,tuna,Cape Verde,Cole's,Yes,No,Oregano,,,,190,6.7,No,No,No,No,No,No,No,No,No,None,2,280,12
Cole's Tuna Fillets in Olive Oil with Sweet Red Pepper,11,Olive Oil,tuna,Cape Verde,Cole's,Yes,Yes,Red Bell Pepper,,,,190,6.7,No,No,No,No,No,No,No,No,No,None,1.5,250,11
Cole's Wild Atlantic Chub Mackerel in Olive Oil,6,Olive Oil,mackerel,Cape Verde,Cole's,Yes,No,None,Yes,Yes,Unstated,125,4.4,No,No,No,No,No,No,No,No,No,None,1,340,15
Conservas de Cambados Baby Eels in Olive Oil,49,Olive Oil,eel,Spain,Conservas de Cambados,Yes,No,None,,,Unstated,111,4.0,No,No,No,No,Yes,No,No,No,No,None,1,620,27
Conservas de Cambados Barnacles (Percebes) in Brine,33.5,Water,barnacles,Spain,Conservas de Cambados,Yes,No,None,,,Unstated,111,4.0,No,No,No,No,No,No,No,No,No,None,1,1240,54
Conservas de Cambados Cockles in Brine 20/25,54,Water,cockles,Spain,Conservas de Cambados,Yes,No,None,,,20/25,111,4.0,No,No,No,No,No,No,No,No,No,None,2,370,19
Conservas de Cambados Cockles in Brine 30/40,31.5,Water,cockles,Spain,Conservas de Cambados,Yes,No,None,,,30/40,111,4.0,No,No,No,No,No,No,No,No,No,None,1,750,33
Conservas de Cambados Fried Mussels in Escabeche 4/6,23,Olive Oil,mussels,Spain,Conservas de Cambados,Yes,No,Escabeche,,,4/6,11,4.0,No,No,No,No,No,No,No,No,No,None,1,620,27
Conservas de Cambados Fried Mussels in Escabeche 6/8 (King Size),19,Olive Oil,mussels,Spain,Conservas de Cambados,Yes,No,Escabeche,,,6/8,111,4.0,No,No,No,No,No,No,No,No,No,None,1,620,27
Conservas de Cambados Fried Mussels in Escabeche 8/12,14.5,Olive Oil,mussels,Spain,Conservas de Cambados,Yes,No,Escabeche,,,8/12,111,4.0,No,No,No,No,No,No,No,No,No,None,1,620,27
Conservas de Cambados Garfish (Agujas) in Olive Oil,6.5,Olive Oil,garfish,Spain,Conservas de Cambados,Yes,No,None,No,No,4/6,115,4.0,No,No,No,No,No,No,No,No,No,None,1,460,20
Conservas de Cambados Large Fried Mussels in Escabeche 16/20 (Large Format Tin),30,Olive Oil,mussels,Spain,Conservas de Cambados,Yes,No,Escabeche,,,16/20,266,9.0,No,No,No,No,No,No,No,No,No,None,3,476,21
Conservas de Cambados Mackerel Fillet in Olive Oil,10,Olive Oil,mackerel,Spain,Conservas de Cambados,Yes,No,None,Yes,Yes,Unstated,115,4.0,No,No,No,No,No,No,No,No,No,None,1,260,11
Conservas de Cambados Octopus in Galician Sauce,12,Sunflower Oil,octopus,Spain,Conservas de Cambados,Yes,No,Galician,,,Unstated,111,4.0,No,No,No,No,No,No,No,No,No,None,1,200,9
Conservas de Cambados Octopus in Olive Oil,13,Olive Oil,octopus,Spain,Conservas de Cambados,Yes,No,None,,,Unstated,111,4.0,No,No,No,No,No,No,No,No,No,None,1,360,15
Conservas de Cambados Razorshells (Razor Clams) in Brine,19,Water,razor clam,Spain,Conservas de Cambados,Yes,No,None,,,4/6,111,4.0,No,No,No,No,No,No,No,No,No,None,1,800,35
Conservas de Cambados Sea Urchin Roes in Brine,30,Water,urchin,Spain,Conservas de Cambados,Yes,No,None,,,,80,3.0,No,No,No,No,No,No,No,No,No,None,1,420,18
Conservas de Cambados Small Sardines in Olive Oil 16/22,10.5,Olive Oil,sardines,Spain,Conservas de Cambados,Yes,No,None,No,No,16/22,115,4.0,No,No,No,No,No,No,No,No,No,None,1,740,32
Conservas de Cambados Small Sardines in Olive Oil 20/25,12,Olive Oil,sardines,Spain,Conservas de Cambados,Yes,No,None,No,No,20/25,115,4.0,No,No,No,No,No,No,No,No,No,None,1,740,32
Conservas de Cambados Small Scallops in Galician Sauce,10,Sunflower Oil,scallops,Spain,Conservas de Cambados,Yes,No,Galician,,,Unstated,111,4.0,No,No,No,No,No,Yes,No,No,No,None,1,310,14
"Conservas de Cambados Squid Ink (Tina de Calamar), 4-pack of 4g packets",6,Water,cuttlefish,Spain,Conservas de Cambados,Yes,No,Cuttlefish Ink,,,,4,0.14,No,No,No,No,No,No,No,No,No,None,4,310,14
Conservas de Cambados Stuffed Squids in Ink 6/8,17,Sunflower Oil,squid,Spain,Conservas de Cambados,Yes,No,Ink,,,6/8,111,4.0,No,No,No,No,No,Yes,No,No,No,None,1,390,17
Conservas de Cambados Stuffed Squids in Olive Oil 6/8,21,Olive Oil,squid,Spain,Conservas de Cambados,Yes,No,None,,,6/8,111,4.0,No,No,No,No,No,No,No,No,No,None,1,220,10
Conservas de Cambados Very Small Sardines in Olive Oil 25/30,15,Olive Oil,sardines,Spain,Conservas de Cambados,Yes,No,None,No,No,25/30,115,4.0,No,No,No,No,No,No,No,No,No,None,1,740,32
Conservas de Cambados White Tuna Belly (Ventresca) Fillets in Olive Oil,21.5,Olive Oil,tuna,Spain,Conservas de Cambados,Yes,No,None,,,,111,4.0,No,No,No,No,No,No,No,No,No,None,1,270,12
Conservas de Cambados White Tuna in Olive Oil,13.25,Olive Oil,tuna,Spain,Conservas de Cambados,Yes,No,None,,,,111,4.0,No,No,No,No,No,No,No,No,No,None,1,270,11
Don Bocarte Anchovy Fillets in Extra Virgin Olive Oil 6/7,18.5,Extra Virgin Olive Oil,anchovy,Spain,Don Bocarte,Yes,No,None,Yes,Yes,6/7,48,1.69,No,No,No,No,No,No,No,No,No,None,2,480,20
Don Bocarte Sliced Bonita Del Norte (Lomo Laminado),16.5,Olive Oil,tuna,Spain,Don Bocarte,Yes,No,None,,,,120,4.23,No,No,No,No,No,No,No,No,No,None,2,230,10
Don Bocarte Ventresca Bonito Del Norte,73,Olive Oil,tuna,Spain,Don Bocarte,Yes,No,None,,,,190,6.7,No,No,No,No,No,No,No,No,No,None,3,220,9
Don Bocarte Wild Bluefin (Atun Rojo) Belly (Ventresca) in Olive Oil,44.5,Olive Oil,tuna,Spain,Don Bocarte,Yes,No,None,Yes,Yes,,120,4.23,No,No,No,No,No,No,No,No,No,None,2,230,10
Don Gastronom (La Narval) Octopus with Garlic in Sunflower Oil,12,Sunflower Oil,octopus,Spain,Don Gastronom,Yes,No,Garlic,,,,110,3.8,No,No,No,Yes,No,No,No,No,No,None,1,330,15
Don Gastronom (La Narval) Scallops in Vieira Sauce,9.5,Sunflower Oil,scallops,Spain,Don Gastronom,Yes,No,"tomato, onion, spices, and salt.",,,Unstated,110,3.8,No,No,No,No,N,Yes,No,No,No,None,1,520,25
Don Gastronom (La Narval) Yellowfin Tuna with Honey and Mustard,8,Sunflower Oil,tuna,Spain,Don Gastronom,Yes,Yes,"mustard, honey",,,,110,3.8,No,No,No,No,No,No,No,No,No,None,1,570,25
Don Gastronom (La Narval) Yellowfin Tuna with Lemon,8,Sunflower Oil,tuna,Spain,Don Gastronom,Yes,No,lemon,,,,110,3.8,No,No,Yes,No,No,No,No,No,No,None,1,460,20
Don Gastronom (La Narval) Yellowfin Tuna with Orange and Clove,8,Sunflower Oil,tuna,Spain,Don Gastronom,Yes,No,"orange, clove",,,,110,3.8,No,No,Yes,No,No,No,No,No,No,None,1,390,15
Don Gastronom (La Narval) Yellowfin Tuna with Tomato and Basil,8,Sunflower Oil,tuna,Spain,Don Gastronom,Yes,No,"tomato, basil",,,,110,3.8,No,No,No,No,N,Yes,No,No,No,None,1,210,10
Don Gastronom Cockles in Brine 55/65,15,Water,cockles,Spain,Don Gastronom,Yes,No,None,,,55/65,110,3.8,No,No,No,No,No,No,No,No,No,None,1,370,15
Don Gastronom Fried Small Mussels in Escabeche 12/16,8,Sunflower Oil,mussels,Spain,Don Gastronom,Yes,No,Escabeche,,,12/16,110,3.8,No,No,No,No,No,No,No,No,No,None,1,420,20
Don Gastronom (La Narval) Mussels in Spicy Garlic Sauce,8,Olive Oil,mussels,Spain,Don Gastronom,Yes,No,"Galric, Chili",,,Unstated,110,3.8,No,No,No,Yes,Yes,No,No,No,No,None,1,311,15
Don Gastronom Galician Clams in Brine,27,Water,clams,Spain,Don Gastronom,Yes,No,None,,,25/30,110,3.8,No,No,No,No,No,No,No,No,No,None,1,350,15
Don Gastronom Mackerel Fillets in Olive Oil 4/6,6,Olive Oil,mackerel,Spain,Don Gastronom,Yes,No,None,Yes,Yes,4/6,110,3.8,No,No,No,No,No,No,No,No,No,None,1,150,6
Don Gastronom Mackerel Fillets in Tomato Sauce 4/6,6,Sunflower Oil,mackerel,Spain,Don Gastronom,Yes,No,Tomato,Yes,Yes,4/6,120,3.8,No,No,No,No,No,Yes,No,No,No,None,1,200,8
Don Gastronom Octopus in Spiced Sunflower Oil,12,Sunflower Oil,octopus,Spain,Don Gastronom,Yes,No,Spiced/Spicy,,,Unstated,110,3.8,No,No,No,No,No,No,No,No,No,None,1,330,15
Don Gastronom Razor Clams in Brine 6/8,14,Water,razor clam,Spain,Don Gastronom,Yes,No,None,,,6/8,110,3.8,No,No,No,No,No,No,No,No,No,None,1,370,15
Don Gastronom Small Sardines in Olive Oil 10/12,8,Olive Oil,sardines,Spain,Don Gastronom,Yes,No,None,No,No,10/12,120,4.23,No,No,No,No,No,No,No,No,No,None,1,490,20
Don Gastronom Squid Pieces in Ink Sauce,5.5,Sunflower Oil,squid,Spain,Don Gastronom,Yes,No,Ink,,,Unstated,110,3.8,No,No,No,No,No,No,No,No,No,None,1,300,15
Don Gastronom Whole Stuffed Squids in Ink Sauce 4/6,13.5,Sunflower Oil,squid,Spain,Don Gastronom,Yes,No,Ink,,,4/6,110,3.8,No,No,No,No,No,No,No,No,No,None,1,300,15
Don Gastronom Yellowfin Tuna Loin in Olive Oil,10.75,Olive Oil,tuna,Spain,Don Gastronom,Yes,No,None,,,,110,3.8,No,No,No,No,No,No,No,No,No,None,1,224,8
Don Gastronom Yellowfin Tuna Ventresca in Olive Oil,14.5,Olive Oil,tuna,Spain,Don Gastronom,Yes,No,None,,,,110,3.8,No,No,No,No,No,No,No,No,No,None,1,224,8
Eagle Coin Fried Dace,6.5,Soybean Oil,dace,China,Eagle Coin,Yes,Yes,Soy Sauce,,,,180,6.3,No,No,No,No,No,No,No,Yes,No,None,3,360,16
Eagle Coin Fried Dace with Dried Bean Curd,6.5,Soybean Oil,dace,China,Eagle Coin,Yes,Yes,Bean curd,,,,180,6.3,No,No,No,No,No,No,No,Yes,No,None,3.5,200,9
Eagle Coin Fried Dace with Preserved Vegetables,6.5,Soybean Oil,dace,China,Eagle Coin,Yes,Yes,Vegetables,,,,180,6.3,No,No,No,No,No,No,No,Yes,No,None,3,330,
Eagle Coin Fried Dace with Salted Black Bean,6.5,Soybean Oil,dace,China,Eagle Coin,Yes,Yes,Black Beans,,,,180,6.3,No,No,No,No,No,No,No,Yes,No,None,3,530,23
Eco Food Armenia Sturgeon in Water,12,Water,sturgeon,Armenia,Eco Food Armenia,Yes,No,None,No,No,Unstated,240,8.47,No,No,No,No,No,No,No,No,No,None,?,?,?
"Eco Food Armenia Sturgeon Liver, Natural (in water)",12,Water,sturgeon,Armenia,Eco Food Armenia,Yes,No,None,,,Unstated,240,8.47,No,No,No,No,No,No,No,No,No,None,?,?,?
Ekone Oyster Company Habanero Smoked Oysters,13,Sunflower Oil,oyster,USA,Ekone,Yes,Yes,None,,,Unstated,85,3.0,Yes,No,No,Yes,Yes,Yes,No,No,Yes,None,?,?,?
Ekone Oyster Company Lemon Pepper Smoked Oysters,13,Sunflower Oil,oyster,USA,Ekone,Yes,Yes,None,,,Unstated,85,3.0,Yes,No,Yes,Yes,No,No,No,No,Yes,None,?,?,?
Ekone Oyster Company Original Smoked Oysters,13,Sunflower Oil,oyster,USA,Ekone,Yes,Yes,None,,,Unstated,85,3.0,Yes,No,No,Yes,No,No,No,No,Yes,None,?,?,?
El Capricho Anchovy Fillets in Extra Virgin Olive Oil,35,Extra Virgin Olive Oil,anchovy,Spain,El Capricho,Yes,No,None,Yes,Yes,Unstated,95,,No,No,No,No,No,No,No,No,No,None,3,438,19
"El Capricho Anchovy Fillets in Extra Virgin Olive Oil, L+ (10 Fillets)",32,Extra Virgin Olive Oil,anchovy,Spain,El Capricho,Yes,No,None,Yes,Yes,Unstated,95,,No,No,No,No,No,No,No,No,No,None,2,438,19
El Capricho Anchovy Fillets in Olive Oil,21,Olive Oil,anchovy,Spain,El Capricho,Yes,No,None,Yes,Yes,Unstated,50,1.76,No,No,No,No,No,No,No,No,No,None,2,438,19
El Capricho Anchovy Fillets in Sunflower Oil,21,Sunflower Oil,anchovy,Spain,El Capricho,Yes,No,None,Yes,Yes,Unstated,50,1.76,No,No,No,No,No,No,No,No,No,None,2,438,19
El Capricho Atun Rojo Salvaje (Bluefin Tuna) in Extra Virgin Olive Oil,26,Extra Virgin Olive Oil,tuna,Spain,El Capricho,Yes,No,None,Yes,Yes,,110,3.88,No,No,No,No,No,No,No,No,No,None,2,79,3
El Capricho Bonito del Norte Fillets in EVOO,26,Extra Virgin Olive Oil,tuna,Spain,El Capricho,Yes,No,None,,,,210,7.41,No,No,No,No,No,No,No,No,No,None,3,121,5
El Capricho Laminas Bonito del Norte (Albacore slices),21.5,Sunflower Oil,tuna,Spain,El Capricho,Yes,No,None,,,,110,3.88,No,No,No,No,No,No,No,No,No,None,1.5,121,5
El Capricho SalMŭria,35,Anchovy Extract,anchovy,Spain,El Capricho,Yes,No,Anchovy Extract,,,,99.2,,No,No,No,No,No,No,No,No,No,None,,,
El Capricho Sturgeon in EVOO,28.5,Extra Virgin Olive Oil,sturgeon,Spain,El Capricho,Yes,No,None,Yes,Yes,,110,3.88,No,No,No,No,No,No,No,No,No,None,2,209,9
El Capricho Ventresca de Atun Yellowfin in Extra Virgin Olive Oil,26,Extra Virgin Olive Oil,tuna,Spain,El Capricho,Yes,No,None,,,,115,4.0,No,No,No,No,No,No,No,No,No,None,1.5,143,6
El Capricho Ventresca de Bonito del Norte,35,Sunflower Oil,tuna,Spain,El Capricho,Yes,No,None,,,,110,3.88,No,No,No,No,No,No,No,No,No,None,1.5,143,6
Espinaler Baby Sardines in Olive Oil 14/16,9.5,Olive Oil,sardines,Spain,Espinaler,Yes,No,None,No,No,14/16,115,4.0,No,No,No,No,No,No,No,No,No,None,1,434,18
"Espinaler Baby Sardines in Olive Oil 20/25, Premium Line",11.5,Olive Oil,sardines,Spain,Espinaler,Yes,No,None,No,No,20/25,115,4.0,No,No,No,No,No,No,No,No,No,None,1,434,18
Espinaler Baby Sardines in Spicy Olive Oil 10/12,8,Olive Oil,sardines,Spain,Espinaler,Yes,No,Spiced/Spicy,No,No,10/12,115,4.0,No,No,No,No,Yes,No,No,No,No,None,1,434,18
Espinaler Baby Squid in Olive Oil,15.5,Olive Oil,squid,Spain,Espinaler,Yes,No,None,,,Unstated,120,4.0,No,No,No,No,No,No,No,No,No,None,2.5,430,18
Espinaler Baby Squid in Spicy Olive Oil,15.5,Olive Oil,squid,Spain,Espinaler,Yes,No,Spiced/Spicy,,,Unstated,110,4.0,No,No,No,Yes,Yes,No,No,No,No,None,1,311,13
"Espinaler Baby Squids in Olive Oil 6/8, Premium Line (chipirones en aceite de oliva)",22,Olive Oil,squid,Spain,Espinaler,Yes,No,None,,,6/8,115,4.0,No,No,No,No,No,No,No,No,No,None,1,294,12
"Espinaler Bonito del Norte (White Tuna) in Olive Oil, Classic Line",12.5,Olive Oil,tuna,Spain,Espinaler,Yes,No,None,,,,120,4.0,No,No,No,No,No,No,No,No,No,None,2,220,9
Espinaler Bonito del Norte in Escabeche,12,Olive Oil,tuna,Spain,Espinaler,Yes,No,Escabeche,,,,112,4.0,No,No,No,No,No,No,No,No,No,None,2,160,7
Espinaler Clams in Brine 15/20,12,Water,clams,Spain,Espinaler,Yes,No,None,,,15/20,115,4.0,No,No,No,No,No,No,No,No,No,None,2,550,23
"Espinaler Cockles in Brine, Premium Line, 30/35",38.5,Water,cockles,Spain,Espinaler,Yes,No,None,,,30/35,115,4.0,No,No,No,No,No,No,No,No,No,None,2,400,19
Espinaler Mussels in Escabeche (Mejillones in Escabeche) 8/10,12,Sunflower Oil,mussels,Spain,Espinaler,Yes,No,Escabeche,,,8/10,115,4.0,No,No,No,No,No,No,No,No,No,None,2.5,250,10
"Espinaler Mussels in Escabeche, Premium Line, 6/8",24,Sunflower Oil,mussels,Spain,Espinaler,Yes,No,Escabeche,,,6/8,115,4.0,No,No,No,No,No,No,No,No,No,None,1,550,23
Espinaler Mussels in Pickled Sauce (Mejillones in Escabeche),7.5,Sunflower Oil,mussels,Spain,Espinaler,Yes,No,Escabeche,,,13/18,115,4.0,No,No,No,No,No,No,No,No,No,None,2,190,8
Espinaler Mussels in Spicy Escabeche (Mejillones en Escabeche Picante),7.5,Sunflower Oil,mussels,Spain,Espinaler,Yes,No,Spiced/Spicy Escabeche,,,Unstated,115,4.0,No,No,No,No,Yes,No,No,No,No,None,1,250,10
Espinaler Octopus in Olive Oil,28,Olive Oil,octopus,Spain,Espinaler,Yes,No,None,,,Unstated,111,4.0,No,No,No,No,No,No,No,No,No,None,1,332,13.8
Espinaler Razor Clams (Trimmed) 4/6 Classic Line,13,Water,razor clam,Spain,Espinaler,Yes,No,None,,,4/6,110,4.0,No,No,No,No,No,No,No,No,No,None,1,726,32
"Espinaler Razor Clams 5/7 Premium Line, Sálvora Island",40,Water,razor clam,Spain,Espinaler,Yes,No,None,,,5/7,120,4.0,No,No,No,No,No,No,No,No,No,None,1,320,15
Espinaler Razor Clams in Brine 5/8 Classic Line,20.5,Water,razor clam,Spain,Espinaler,Yes,No,None,,,5/8,120,4.0,No,No,No,No,No,No,No,No,No,None,1,378,15.8
Espinaler Scallops in Galician Sauce,11,Sunflower Oil,scallops,Spain,Espinaler,Yes,No,Galician,,,Unstated,110,4.0,No,No,No,No,No,Yes,No,No,No,None,1,543,22.6
"Espinaler Spicy Baby Eels in Olive Oil, Premium Line",61,Olive Oil,eel,Spain,Espinaler,Yes,No,Spiced/Spicy,,,,115,4.0,No,No,No,Yes,Yes,No,No,No,No,None,1,320,14
Espinaler Ventresca Bonito del Norte,22.5,Olive Oil,tuna,Spain,Espinaler,Yes,No,None,,,,110,4.0,No,No,No,No,No,No,No,No,No,None,2.5,431,18
Espinaler Ventresca Bonito del Norte (Albacore Belly),38,Olive Oil,tuna,Spain,Espinaler,Yes,No,None,,,,112,4.0,No,No,No,No,No,No,No,No,No,None,2,220,9
Espinaler Ventresca Yellowfin Tuna,16,Olive Oil,tuna,Spain,Espinaler,Yes,No,None,,,,110,4.0,No,No,No,No,No,No,No,No,No,None,1,193,8
Fangst Smoked Herring w/ White Pepper & Ramps (Sild No. 1 Norwegian Sea herring),11,Rapeseed Oil,herring,Denmark,Fangst,Yes,No,"Ramps, White Pepper",Yes,No,,110,3.9,Yes,No,No,No,No,No,No,No,No,None,1,,
"Fangst Blåmusling No. 1, Limfjord Blue Mussels Marinated w/ Dill and Fennel Seeds in Cold Pressed Rapeseed (Canola) Oil",12,Rapeseed Oil,mussels,Denmark,Fangst,Yes,No,"Cider Vinegar, Dill, Fennel Seeds",,,Unstated,110,3.9,No,No,No,No,No,No,No,No,No,None,1.1,1600,?
"Fangst Blåmusling No. 2, Limfjord Blue Mussels Smoked in Cold Pressed Rapeseed (Canola) Oil",12,Rapeseed Oil,mussels,Denmark,Fangst,Yes,No,None,,,Unstated,110,3.9,Yes,No,No,No,No,No,No,No,No,None,1.1,1500,?
"Fangst Danish Freshwater Trout Smoked, with Juniper and Lemon Thyme",12,Rapeseed Oil,trout,Denmark,Fangst,Yes,No,"Juniper, Lemon Thyme",Yes,No,Unstated,110,3.9,Yes,No,No,No,No,No,No,No,No,None,1.1,1800,?
Fangst Færøsk Laks (Faroe Islands Salmon) Flash Grilled in Cold Pressed Rapeseed (Canola) Oil,12,Rapeseed Oil,salmon,Denmark,Fangst,Yes,No,None,Yes,Yes,Unstated,110,3.9,No,Yes,No,No,No,No,No,No,No,None,1.1,900,?
Fangst Færøsk Laks (Faroe Islands Salmon) w/ Sea Buckthorn & Lemon Verbena,12,Rapeseed OIl,salmon,Denmark,Fangst,Yes,No,"Sea Buckthorn, Lemon Verbena",Yes,,,110,3.9,No,Yes,Yes,No,No,No,No,No,No,None,1,400,
Fangst Limfjord Hjertemusling (Cockles) in Cold Pressed Rapeseed (Canola) Oil,13.5,Rapeseed,cockles,Denmark,Fangst,Yes,No,None,,,Unstated,110,3.9,No,No,No,No,No,No,No,No,No,None,1,1200,
"Fangst Sprat no. 1 (Smoked, with Heather & Chamomile) Baltic Sea",9.5,Rapeseed,sprats,Latvia,Fangst,Yes,No,"Chamomile, Heather",No,No,Unstated,100,3.5,Yes,No,No,No,No,No,No,No,No,None,1,1400,?
Fangst Sprat no. 2 (Smoked) Baltic Sea,9.5,Rapeseed,sprats,Latvia,Fangst,Yes,No,None,No,No,Unstated,100,3.5,Yes,No,No,No,No,No,No,No,No,None,1,1400,?
Fangst Sprat no. 4 (Allspice & Clove) Baltic Sea,9.5,Rapeseed,sprats,Latvia,Fangst,Yes,No,"Allspice, Cloves",No,No,Unstated,100,3.5,No,No,No,No,No,No,No,No,No,None,1,1400,?
Ferrigno La Bonne Mer Anchovies in Organic Extra Virgin Olive Oil,7,"Extra Virgin Olive Oil, Organic",anchovy,France,Ferrigno,Yes,No,None,No,No,Unstated,69,2.43,No,No,No,No,No,No,No,No,Yes,None,?,1200,?
Ferrigno La Bonne Mer Fisherman's Anchovies,7,"Extra Virgin Olive Oil, Organic",anchovy,France,Ferrigno,Yes,No,"Lemon, Garlic, Parsley",No,No,Unstated,69,2.43,No,No,Yes,Yes,No,No,No,No,Yes,None,?,1200,?
Ferrigno La Bonne Mer Fisherman's Sardines,7,"Extra Virgin Olive Oil, Organic",sardines,France,Ferrigno,Yes,No,"Lemon, Garlic, Parsley",No,No,Unstated,135,4.76,No,No,Yes,Yes,No,No,No,No,Yes,None,?,850,?
Ferrigno La Bonne Mer Lisettes (Small Whole Mackerel) in Organic Extra Virgin Olive Oil,7.5,"Extra Virgin Olive Oil, Organic",mackerel,France,Ferrigno,Yes,No,None,No,No,Unstated,135,4.76,No,No,No,No,No,No,No,No,Yes,None,?,210,?
Ferrigno La Bonne Mer Mixed Seafood (Méli-mélo) in Organic Extra Virgin Olive Oil with Aromatics and Spices,9,"Extra Virgin Olive Oil, Organic",sardines,France,Ferrigno,Yes,No,"Onion, Garlic, Parsley, Piment d'Espelette",No,No,Unstated,100,3.52,No,No,No,Yes,No,No,No,No,Yes,None,1,1200,?
"Ferrigno La Bonne Mer Mussels with Organic Olive Oil, Garlic and Parsley",8.5,"Extra Virgin Olive Oil, Organic",mussels,France,Ferrigno,Yes,No,"Garlic, Parsley",,,Unstated,100,3.52,No,No,No,Yes,No,No,No,No,Yes,None,1,1200,?
Ferrigno La Bonne Mer Sardines à l'escabèche (Sardines in Escabeche),7,Sunflower Oil,sardines,France,Ferrigno,Yes,No,Escabeche,No,No,Unstated,115,4.0,No,No,No,No,No,No,No,No,No,None,?,830,?
"Ferrigno La Bonne Mer Sardines à la Bastiaise (w/ Lemon, Garlic and Parsley)",7,Extra Virgin Olive Oil,sardines,France,Ferrigno,Yes,No,"Lemon, Garlic, Parsley",No,No,Unstated,115,4.0,No,No,Yes,Yes,No,No,No,No,No,None,?,850,?
"Ferrigno La Bonne Mer Sardines à la Brousse (with Whey Cheese, Tomato, and Herbs)",7,Extra Virgin Olive Oil,sardines,France,Ferrigno,Yes,No,"Cheese, Tomato",No,No,Unstated,115,4.0,No,No,No,No,No,Yes,Yes,No,No,None,?,880,?
Ferrigno La Bonne Mer Sardines à la Camarguaise (w/ Chorizo sausage),7,Sunflower Oil,sardines,France,Ferrigno,Yes,No,Chorizo sausage,No,No,Unstated,115,4.0,No,No,No,No,No,No,No,No,No,None,?,850,?
"Ferrigno La Bonne Mer Sardines à la Niçoise (w/ Peppers, Onions, Garlic)",7,Extra Virgin Olive Oil,sardines,France,Ferrigno,Yes,No,"Peppers, Onion, Garlic",No,No,Unstated,115,4.0,No,No,No,Yes,Yes,No,No,No,No,None,?,850,?
Ferrigno La Bonne Mer Sardines à la Ratatouille,7,Extra Virgin Olive Oil,sardines,France,Ferrigno,Yes,No,"Ratatouille (Tomato, Onion, Pepper, Eggplant, Zucchini)",No,No,Unstated,115,4.0,No,No,No,No,No,Yes,No,No,No,None,?,720,?
"Ferrigno La Bonne Mer Sardines à la Tapenade (Black Olives, Anchovies, Capers)",7,"Extra Virgin Olive Oil, Sunflower Oil",sardines,France,Ferrigno,Yes,No,"Tapenade (Black Olives, Anchovies, Capers)",No,No,Unstated,115,4.0,No,No,No,No,No,No,No,No,No,None,?,1510,?
"Ferrigno La Bonne Mer Sardines à la Tropezienne (w/ Tomato, Caper, Olive)",7,Extra Virgin Olive Oil,sardines,France,Ferrigno,Yes,Yes,"Tomato, Caper, Olive",No,No,Unstated,115,4.0,No,No,No,No,No,Yes,No,No,No,None,?,880,?
Ferrigno La Bonne Mer Sardines au Citron Confit (w/ Preserved Lemon and Green Olives),7,Sunflower Oil,sardines,France,Ferrigno,Yes,No,"Preserved Lemon, Olives",No,No,Unstated,115,4.0,No,No,Yes,No,No,No,No,No,No,None,?,850,?
Ferrigno La Bonne Mer Sardines aux Figatelli (Liver and Pork Sausage),7,Sunflower Oil,sardines,France,Ferrigno,Yes,Yes,Figatelli sausage,No,No,Unstated,115,4.0,No,No,No,No,No,No,Yes,No,No,None,?,1100,?
Ferrigno La Bonne Mer Sardines in Butter with Fleur de Sel from Camargue,8,Butter,sardines,France,Ferrigno,Yes,No,Fleur de Sel,No,No,Unstated,115,4.0,No,No,No,No,No,No,Yes,No,No,None,?,800,?
Ferrigno La Bonne Mer Sardines in Butter with Persillade (Garlic and Parsley),8,Butter,sardines,France,Ferrigno,Yes,No,"Garlic, Parsley",No,No,Unstated,115,4.0,No,No,No,Yes,No,No,Yes,No,No,None,?,800,?
Ferrigno La Bonne Mer Sardines in Butter with Thyme de Provence,8,Butter,sardines,France,Ferrigno,Yes,No,Thyme de Provence,No,No,Unstated,115,4.0,No,No,No,No,No,No,Yes,No,No,None,?,800,?
Ferrigno La Bonne Mer Sardines in Extra Virgin Olive Oil and Fleur de Sel,7,Extra Virgin Olive Oil,sardines,France,Ferrigno,Yes,No,Fleur de Sel,No,No,Unstated,115,4.0,No,No,No,No,No,No,No,No,No,None,?,850,?
Ferrigno La Bonne Mer Squid Pieces in Organic Provencal Sauce,8.5,"Extra Virgin Olive Oil, Organic",squid,France,Ferrigno,Yes,No,Tomato,,,Unstated,100,3.52,No,No,No,No,No,Yes,No,No,Yes,None,1,1800,?
Ferrigno La Bonne Mer Wild Salmon in Water,8.5,Spring water,salmon,France,Ferrigno,Yes,No,None,Yes,Yes,,115,4.0,No,No,No,No,No,No,No,No,No,None,?,?,
Ferrigno Les Belles de Marseille Les Pitchounettes (Small Sardines) in Extra Virgin Olive Oil,7,Extra Virgin Olive Oil,sardines,France,Ferrigno,Yes,No,None,No,No,Unstated,115,4.0,No,No,No,No,No,No,No,No,No,None,?,850,?
Ferrigno Les Belles de Marseille Mackerel Fillets in Extra Virgin Olive Oil,7,Extra Virgin Olive Oil,mackerel,France,Ferrigno,Yes,No,None,Yes,Yes,Unstated,125,4.4,No,No,No,No,No,No,No,No,No,None,?,1040,?
Ferrigno Les Belles de Marseille Mackerel Fillets with Pastis,7,Extra Virgin Olive Oil,mackerel,France,Ferrigno,Yes,No,Pastis (Anise flavored liquer),Yes,Yes,Unstated,125,4.4,No,No,No,No,No,No,No,No,No,None,?,1040,?
Ferrigno Les Belles de Marseille Mackerel Fillets with Pepper and Chili,7,Extra Virgin Olive Oil,mackerel,France,Ferrigno,Yes,No,Spiced/Spicy,Yes,Yes,Unstated,125,4.4,No,No,No,No,Yes,No,No,No,No,None,?,1040,?
Ferrigno Les Belles de Marseille Sardines à l’huile d’olive vierge extra (Sardines in Extra Virgin Olive Oil),7,Extra Virgin Olive Oil,sardines,France,Ferrigno,Yes,No,None,No,No,Unstated,115,4.0,No,No,No,No,No,No,No,No,No,None,?,850,?
Ferrigno Les Belles de Marseille Sardines au Pastis,7,Extra Virgin Olive Oil,sardines,France,Ferrigno,Yes,No,Pastis (Anise flavored liquer),No,No,Unstated,115,4.0,No,No,No,No,No,No,No,No,No,None,?,850,?
"Ferrigno Les Belles de Marseille Sardines au Pescadou (Stewed in Lemon, Garlic, Parsley)",7,Extra Virgin Olive Oil,sardines,France,Ferrigno,Yes,No,"Lemon, Garlic, Parsley",No,No,Unstated,115,4.0,No,No,Yes,Yes,No,No,No,No,No,None,?,850,?
Ferrigno Les Belles de Marseille Vintage Sardines (2016),7,Extra Virgin Olive Oil,sardines,France,Ferrigno,Yes,No,None,No,No,Unstated,115,4.0,No,No,No,No,No,No,No,No,No,None,?,850,?
Ferrigno Les Belles de Marseille Vintage Sardines (2017),7,Extra Virgin Olive Oil,sardines,France,Ferrigno,Yes,No,None,No,No,Unstated,115,5.0,No,No,No,No,No,No,No,No,No,None,?,851,?
Ferrigno Les Belles de Marseille Vintage Sardines (2018),7,Extra Virgin Olive Oil,sardines,France,Ferrigno,Yes,No,None,No,No,Unstated,115,6.0,No,No,No,No,No,No,No,No,No,None,?,852,?
Flower Moroccan Sardines in Tomato Sauce,3.5,Soybean Oil,sardines,Morocco,Flower,Yes,No,Tomato,No,No,Unstated,124,4.38,No,No,No,No,No,Yes,No,No,No,None,1,500,22
Flower Moroccan Spiced Sardines,3.5,Olive Oil,sardines,Morocco,Flower,Yes,No,"Spiced/Spicy Chili Pepper, Cucumber, Carrot",No,No,Unstated,124,4.38,No,No,No,No,Yes,No,No,No,No,None,1,500,22
Groix & Nature Crab Rillettes,10.5,None,crab,France,Groix & Nature,Yes,No,None,,,,100,3.5,No,No,No,No,No,No,Yes,Yes,No,None,2,230,9
Groix & Nature Indian Tuna Rillettes,10,None,tuna,France,Groix & Nature,Yes,No,"liquid cream, pollock, water, wheat flour, milk proteins and lactose, salt, curry (coriander, turmeric, mustard, chickpea flour, dehydrated onion, paprika, nutmeg, cumin, black pepper, chilli, garlic, fenugreek, fennel, cloves, cardamom, salt), shallots, garlic, Espelette pepper",,,,100,3.5,No,No,No,Yes,Yes,No,Yes,Yes,No,None,,,
Groix & Nature Lobster Oil,22,Grapeseed Oil,lobster,France,Groix & Nature,Yes,No,Lobster Oil,,,,100ml,3.38,No,No,No,Yes,No,No,No,No,No,None,7,0,
Groix & Nature Lobster Rillettes with Kari Gosse,16.5,Butter,lobster,France,Groix & Nature,Yes,No,None,,,,100,3.5,No,No,No,Yes,No,No,Yes,Yes,No,None,2,240,10
Groix & Nature Salmon Rillettes,10.5,None,salmon,France,Groix & Nature,Yes,No,None,,,,100,3.5,No,No,No,No,No,No,Yes,Yes,No,None,2,180,8
Groix & Nature Sardine Rillettes with Piment d'Espelette,9.5,Olive Oil,sardines,France,Groix & Nature,Yes,No,Piment d'Espelette,,,,100,3.5,No,No,No,No,No,No,Yes,Yes,No,None,2,170,7
Groix & Nature Sardines in Extra Virgin Olive Oil,11.5,Extra Virgin Olive Oil,sardines,France,Groix & Nature,Yes,No,None,No,No,Unstated,115,4.0,No,No,No,No,No,No,No,No,No,None,1,1000,?
Groix & Nature Sardines with Lobster Oil,15.5,Grapeseed Oil,sardines,France,Groix & Nature,Yes,No,"Lobster, shallots, carrot, garlic",No,No,Unstated,115,4.0,No,No,No,Yes,No,No,No,No,No,None,2,35,?
Groix & Nature Sardines with Seaweed Oil,15,Grapeseed Oil,sardines,France,Groix & Nature,Yes,No,Seaweed,No,No,Unstated,115,4.0,No,No,No,No,No,No,No,Maybe,No,None,1.5,150,?
Groix & Nature Scallop Rillettes,12.5,None,scallops,France,Groix & Nature,Yes,No,None,,,,100,3.5,No,No,No,No,No,No,Yes,Yes,No,None,2,230,9
Groix & Nature Smoked Mackerel Rillettes,8.5,None,mackerel,France,Groix & Nature,Yes,No,None,,,,100,3.5,Yes,No,No,No,No,No,Yes,Yes,No,None,2,250,10
Groix & Nature Mackerel Rillettes with Sichuan Pepper,9,"Water, Cream",mackerel,France,Groix & Nature,Yes,No,Sichuan Pepper,,,,100,3.5,No,No,No,Yes,No,No,Yes,Yes,No,None,2,,
Groix & Nature Trout Rillettes from Brittany,10,None,trout,France,Groix & Nature,Yes,No,None,,,,100,3.5,No,No,No,No,No,No,Yes,Yes,No,None,2,210,9
Groix & Nature White Tuna Rillettes,10.5,None,tuna,France,Groix & Nature,Yes,No,None,,,,100,3.5,No,No,No,Yes,No,No,Yes,Yes,No,None,2,160,7
Güeyu Mar Chargrilled Albacore Tuna Pâté,15,Extra Virgin Olive Oil,tuna,Spain,Güeyu Mar,Yes,No,None,,,,68,2.4,No,Yes,No,No,No,No,No,No,No,None,3,500,22
Güeyu Mar Chargrilled Bluefin Tuna Pâté,15,Extra Virgin Olive Oil,tuna,Spain,Güeyu Mar,Yes,No,None,,,,68,2.4,No, Yes,No,No,No,No,No,No,No,None,4,420,18
Güeyu Mar Chargrilled Bonito del Norte (Bonito a la Brasa),26,Extra Virgin Olive Oil,tuna,Spain,Güeyu Mar,Yes,No,None,,,,150,5.3,No,Yes,No,No,No,No,No,No,No,None,1,340,15
Güeyu Mar Chargrilled Medium Mussels 14-16 (Mejillones a la Brasa),21,Extra Virgin Olive Oil,mussels,Spain,Güeyu Mar,Yes,No,Escabeche,,,14/16,150,5.29,No,Yes,No,No,No,No,No,No,No,None,1,510,22
Güeyu Mar Chargrilled Octopus (Pulpo a la Brasa),26,Extra Virgin Olive Oil,octopus,Spain,Güeyu Mar,Yes,No,None,,,,159,5.6,No,Yes,No,No,No,No,No,No,No,None,1,500,22
Güeyu Mar Chargrilled Razor Clams,36,Olive Oil,razor clam,Spain,Güeyu Mar,Yes,No,None,,,6/8,150,5.29,No,Yes,No,No,No,No,No,No,No,None,1,500,22
Güeyu Mar Chargrilled Red Tuna Dark Loins (Lomo Negro de Atún),38,Extra Virgin Olive Oil,tuna,Spain,Güeyu Mar,Yes,No,None,,,,150,5.29,No,Yes,No,No,No,No,No,No,No,None,1,340,15
Güeyu Mar Chargrilled Red Tuna Neck (Morillo de Atún),66,Extra Virgin Olive Oil,tuna,Spain,Güeyu Mar,Yes,No,None,,,,150,5.29,No,Yes,No,No,No,No,No,No,No,None,1,340,15
Güeyu Mar Chargrilled Red Tuna Ventresca,48,Extra Virgin Olive Oil,tuna,Spain,Güeyu Mar,Yes,No,None,,,,150,5.3,No,Yes,No,No,No,No,No,No,No,None,1,340,15
Güeyu Mar Chargrilled Red Tuna White Loin (Lomo Blanco de Atún),38,Extra Virgin Olive Oil,tuna,Spain,Güeyu Mar,Yes,No,None,,,,150,5.29,No,Yes,No,No,No,No,No,No,No,None,1,340,15
Güeyu Mar Chargrilled Sardine Loins (Lomos de Sardinas),23,Extra Virgin Olive Oil,sardines,Spain,Güeyu Mar,Yes,No,None,No,No,Unstated,150,5.29,No,Yes,No,No,No,No,No,No,No,None,1,840,36
Güeyu Mar Chargrilled Sardine Loins in Escabeche (Lomos en Escabeche),20,Extra Virgin Olive Oil,sardines,Spain,Güeyu Mar,Yes,No,Escabeche,No,No,Unstated,150,5.29,No,Yes,No,No,No,No,No,No,No,None,?,?,?
Güeyu Mar Chargrilled Sardine Pâté,15,Extra Virgin Olive Oil,sardines,Spain,Güeyu Mar,Yes,No,None,,,,68,2.4,No,Yes,No,No,No,No,No,No,No,None,4,750,33
Güeyu Mar Chargrilled Sardine Tails,20,Olive Oil,sardines,Spain,Güeyu Mar,Yes,No,None,No,No,6,150,5.29,No,Yes,No,No,No,No,No,No,No,None,1,840,36
Güeyu Mar Chargrilled Sardine Tails in Escabeche (Colas en Escabeche),20,Extra Virgin Olive Oil,sardines,Spain,Güeyu Mar,Yes,No,Escabeche,No,No,6,150,5.29,No,Yes,No,No,No,No,No,No,No,None,1,760,33
Güeyu Mar Chargrilled Sardine Tails in Spicy Escabeche (Colas en Escabeche Picante),20,Extra Virgin Olive Oil,sardines,Spain,Güeyu Mar,Yes,No,Spiced/Spicy Escabeche,No,No,Unstated,150,5.3,No,Yes,No,No,Yes,No,No,No,No,None,1,760,33
Güeyu Mar Chargrilled Small Mussels 20-24 (Mejillones a la Brasa),20,Extra Virgin Olive Oil,mussels,Spain,Güeyu Mar,Yes,No,Escabeche,,,20/24,150,5.5,No,Yes,No,No,No,No,No,No,No,None,1,540,24
Güeyu Mar Chargrilled Spicy Cockles,44,Olive Oil,cockles,Spain,Güeyu Mar,Yes,No,Spiced/Spicy,,,50/80,150,5.29,No,Yes,No,No,Yes,No,No,No,No,None,1,50,2
Güeyu Mar Squid (Calamari) from Another Planet,21,None,squid,Spain,Güeyu Mar,Yes,No,Ink,,,,170,6.0,No,Yes,No,No,No,No,No,No,No,None,1,500,3
Gulf of Maine Conservas Line Caught Bluefin Tuna in Olive Oil,22,Olive Oil,tuna,USA,Gulf of Maine Conservas,Yes,No,None,,,,170,6.0,No,No,No,No,No,No,No,No,No,None,2,45,2
Gulf of Maine Conservas Smoked Eel in Olive Oil,40,Olive Oil,eel,USA,Gulf of Maine Conservas,Yes,No,None,Yes,Yes,,170,6.0,Yes,No,No,No,No,No,No,No,No,None,1,90,4
Gulf of Maine Conservas Tinkers (Atlantic Mackerel),16,Extra Virgin Olive Oil,mackerel,USA,Gulf of Maine Conservas,Yes,No,None,Yes,No,Unstated,170,6.0,No,No,No,No,No,No,No,No,No,None,2,100,4
Hagoromo Broiled and Seasoned Saury (Sanma),4.5,Soy Sauce,saury,Japan,Hagoromo,Yes,Yes,Soy Sauce,No,No,Unstated,100,3.52,No,Yes,No,No,No,No,No,Yes,No,None,1,410,18
Hagoromo Mackerel in Miso,4.5,Miso,mackerel,Japan,Hagoromo,Yes,Yes,Miso,No,No,Unstated,160,5.64,No,No,No,No,No,No,No,No,No,None,1,620,27
Hagoromo Mackerel in Soy Sauce (Shoyu),4.5,Soy Sauce,mackerel,Japan,Hagoromo,Yes,Yes,Soy Sauce,No,No,Unstated,160,5.64,No,No,No,No,No,No,No,Yes,No,None,1,270,12
Hagoromo Sardines in Soy Sauce (Iwashi de Kenko),4.5,Soy Sauce,sardines,Japan,Hagoromo,Yes,Yes,Soy Sauce,No,No,Unstated,100,3.52,No,No,No,No,No,No,No,Yes,No,None,1,730,32
Hagoromo Saury (Sanma) in Soy Sauce (Shoyu),4.5,Soy Sauce,saury,Japan,Hagoromo,Yes,Yes,Soy Sauce,No,No,Unstated,100,3.52,No,No,No,No,No,No,No,Yes,No,None,1,800,32
Husmor Fish Balls in Brine,14.5,Brine,haddock,Norway,Husmor,Yes,No,None,,,Unstated,800,28.0,No,No,No,No,No,No,Yes,No,No,None,4,600,25
"IASA Anchovy Fillets in Olive Oil, glass jar",14,Olive Oil,anchovy,Italy,IASA,Yes,No,None,Yes,Yes,Unstated,95,,No,No,No,No,No,No,No,No,No,None,?,?,?
IASA Anchovy Paste,5.5,Olive Oil,anchovy,Italy,IASA,Yes,No,None,,,,55,1.94,No,No,No,No,No,No,No,No,No,None,?,?,?
IASA Branzino Grilled Sea Bass in Olive Oil,11.5,Olive Oil,sea bass,Italy,IASA,Yes,No,None,Yes,Yes,Unstated,145,5.11,No,Yes,No,No,No,No,No,No,No,None,1,260,11
IASA Colatura di Alici di Cetara Anchovy Extract,26,Water,anchovy,Italy,IASA,Yes,No,None,,,,100ml,1.4,No,No,No,No,No,No,No,No,No,None,?,?,?
IASA Mediterranean Dorade in Water,15,Water,dorade,Italy,IASA,Yes,No,None,Yes,Yes,Unstated,145,5.11,No,No,No,No,No,No,No,No,No,None,?,?,?
"IASA Spicy Anchovies in Olive Oil, glass jar",15,Olive OIl,anchovy,Italy,IASA,Yes,No,Spiced/Spicy Tomato,No,No,Unstated,200,7.05,No,No,No,No,Yes,Yes,No,No,No,None,?,?,?
Jacques Gonidec Sardines in Organic EVOO,11,"Extra Virgin Olive Oil, Organic",sardines,France,Jacques Gonidec,Yes,No,None,No,No,Unstated,115,4.0,No,No,No,No,No,No,No,No,Yes,None,2,280,10
Jacques Gonidec Sardines in Organic EVOO and Organic Onion Sauce,11,"Extra Virgin Olive Oil, Organic",sardines,France,Jacques Gonidec,Yes,No,"Onion, lemon, cloves",No,No,Unstated,115,4.0,No,No,Yes,No,No,No,No,No,Yes,None,2,329,15
Jacques Gonidec Sardines in Organic EVOO with Organic Hot Pepper,11,"Extra Virgin Olive Oil, Organic",sardines,France,Jacques Gonidec,Yes,No,None,No,No,Unstated,115,4.0,No,No,No,No,Yes,No,No,No,Yes,None,2,280,10
Jacques Gonidec Sardines in Organic Extra Virgin Olive Oil with Organic Lemon,11,"Extra Virgin Olive Oil, Organic",sardines,France,Jacques Gonidec,Yes,No,Lemon,No,No,Unstated,115,4.0,No,No,Yes,No,No,No,No,No,Yes,None,2,280,10
Jacques Gonidec Sardines with Organic Basil and Organic Thyme in Organic Extra Virgin Olive Oil,11,"Extra Virgin Olive Oil, Organic",sardines,France,Jacques Gonidec,Yes,No,"Basil, Thyme",No,No,Unstated,115,4.0,No,No,No,No,No,No,No,No,Yes,None,2,280,10
Jacques Gonidec Sardines with Sundried Tomatoes and Organic EVOO,11,"Extra Virgin Olive Oil, Organic",sardines,France,Jacques Gonidec,Yes,No,Sun-Dried Tomatoes,No,No,Unstated,115,4.0,No,No,No,No,No,Yes,No,No,Yes,None,2,420,19
José Gourmet Mackerel Fillets in Curry Sauce,14.5,Rapeseed Oil,mackerel,Portugal,José Gourmet,Yes,No,Curry Sauce,Yes,Yes,,120,4.2,No,No,No,No,Yes,No,No,No,No,None,,,
José Gourmet Cockles in Brine 25/30,36,Water,cockles,Spain,José Gourmet,Yes,No,None,,,25/30,110,3.9,No,No,No,No,No,No,No,No,No,None,1,900,22
José Gourmet Codfish in Olive Oil and Garlic,13.5,Olive Oil,cod,Portugal,José Gourmet,Yes,No,Garlic,Yes,Yes,Unstated,120,4.0,No,No,No,Yes,No,No,No,No,No,None,1,1260,25
José Gourmet Fried Mussels in Marinade (Escabeche) 7/10,14.5,Olive Oil,mussels,Spain,José Gourmet,Yes,No,Escabeche,,,7/10,110,3.9,No,No,No,No,No,No,No,No,No,None,1,900,24
José Gourmet Garfish in Extra Virgin Olive Oil,10,Extra Virgin Olive Oil,garfish,Portugal,José Gourmet,Yes,No,None,,,Unstated,120,4.2,No,No,No,No,No,No,No,No,No,None,1,480,
José Gourmet Horse Mackerel (mistranslated as Stickleback) in Escabeche,12,Olive Oil/Escabeche,mackerel,Spain,José Gourmet,Yes,No,Escabeche,,,Unstated,120,4.0,No,No,No,No,Yes,No,No,No,No,None,2,372,16.3
José Gourmet Mackerel Fillets in Olive Oil,12,Olive Oil,mackerel,Portugal,José Gourmet,Yes,No,None,Yes,Yes,Unstated,125,4.0,No,No,No,No,No,No,No,No,No,None,1,700,14
José Gourmet Octopus in Olive Oil with Garlic,24,Olive Oil,octopus,Spain,José Gourmet,Yes,No,Garlic,,,,120,4.0,No,No,No,Yes,No,No,No,No,No,None,1,800,15
José Gourmet Razor Clams in Brine 6/8,19.5,Water,razor clam,Spain,José Gourmet,Yes,No,None,,,6/8,110,3.9,No,No,No,No,No,No,No,No,No,None,1,420,19
José Gourmet Sardines in Extra Virgin Olive Oil,10,Extra Virgin Olive Oil,sardines,Portugal,José Gourmet,Yes,No,None,No,No,Unstated,125,4.4,No,No,No,No,No,No,No,No,No,None,1,450,13
José Gourmet Sardines in Tomato Sauce,10,Olive Oil,sardines,Portugal,José Gourmet,Yes,No,Tomato,No,No,Unstated,125,4.0,No,No,No,No,No,Yes,No,No,No,None,1,1030,14
José Gourmet Sardines with Lemon in Olive Oil,10,Olive Oil,sardines,Portugal,José Gourmet,Yes,No,Lemon,No,No,Unstated,120,4.0,No,No,Yes,No,No,No,No,No,No,None,1,850,16
José Gourmet Small Mackerel in Olive Oil,10,Olive Oil,mackerel,Portugal,José Gourmet,Yes,No,None,No,No,Unstated,120,4.0,No,No,No,No,No,No,No,No,No,None,1,600,13
José Gourmet Small Sardines in Extra Virgin Olive Oil,10,Extra Virgin Olive Oil,sardines,Portugal,José Gourmet,Yes,No,None,No,No,Unstated,90,3.0,No,No,No,No,No,No,No,No,No,None,1,900,23
José Gourmet Small Sardines in Tomato Sauce,11,Olive Oil,sardines,Spain,José Gourmet,Yes,Yes,"Tomato Pulp (16%), Extra Virgin Olive Oil (10%), (Onion and Garlic)(1.6%), (White Wine, Sugar, White Pepper, Paprika)(0.6%)",No,No,Unstated,90,3.2,No,No,No,Yes,No,Yes,No,No,No,None,,,
José Gourmet Smoked Salmon in Extra Virgin Olive Oil,13.5,Extra Virgin Olive Oil,salmon,Portugal,José Gourmet,Yes,No,None,Yes,,,90,3.2,Yes,No,No,No,No,No,No,No,No,None,2,560,
José Gourmet Smoked Sardines in Extra Virgin Olive Oil,11,Extra Virgin Olive Oil,sardines,Portugal,José Gourmet,Yes,No,None,No,No,Unstated,120,4.2,Yes,No,No,No,No,No,No,No,No,None,1,480,12
José Gourmet Smoked Small Mackerel in Olive Oil,10,Olive Oil,mackerel,Portugal,José Gourmet,Yes,No,None,No,No,Unstated,120,4.0,Yes,No,No,No,No,No,No,No,No,None,1,370,22
José Gourmet Smoked Small Sardines in Extra Virgin Olive Oil,11,Extra Virgin Olive Oil,sardines,Portugal,José Gourmet,Yes,No,None,No,No,Unstated,90,3.0,Yes,No,No,No,No,No,No,No,No,None,1,900,23
José Gourmet Smoked Trout Fillets in Olive Oil,17,Olive Oil,trout,Portugal,José Gourmet,Yes,No,None,Yes,No,Unstated,105,3.7,Yes,No,No,No,No,No,No,No,No,None,1,600,15
José Gourmet Spiced Calamari in Ragout  Sauce,14.5,Vegetable Oil,squid,Spain,José Gourmet,Yes,No,Tomato,,,Unstated,120,4.0,No,No,No,No,Yes,Yes,No,No,No,None,1,710,16
José Gourmet Spiced Octopus in Olive Oil,24,Olive OIl,octopus,Spain,José Gourmet,Yes,No,Spiced/Spicy,,,Unstated,120,4.0,No,No,No,No,Yes,No,No,No,No,None,?,900,15
José Gourmet Spiced Small Mackerel in Olive Oil,10,Olive Oil,mackerel,Portugal,José Gourmet,Yes,No,Spiced/Spicy,No,No,Unstated,120,4.0,No,No,No,No,Yes,No,No,No,No,None,1,600,13
José Gourmet Spiced Small Sardines in Olive Oil,10,Extra Virgin Olive Oil,sardines,Portugal,José Gourmet,Yes,No,"Carrot, clove, piri-piri, cucumber, laurel, white pepper",No,No,Unstated,90,3.2,No,No,No,No,Yes,No,No,No,No,None,1,,
José Gourmet Stuffed Squid in Ink,20,Sunflower Oil,squid,Spain,José Gourmet,Yes,No,Ink,,,Unstated,110,3.9,No,No,No,No,No,No,No,No,No,None,1,1190,21.6
José Gourmet Tuna Fillets in Olive Oil,14.5,Olive OIl,tuna,Portugal,José Gourmet,Yes,No,None,,,Unstated,120,4.0,No,No,No,No,No,No,No,No,No,None,1,740,15
José Gourmet Ventresca of Yellowfin Tuna in Olive Oil,24,Olive Oil,tuna,Spain,José Gourmet,Yes,No,None,,,,120,4.2,No,No,No,No,No,No,No,No,No,None,1,800,17
"King Oscar ""Tiny Tots"" Brisling (Sprats) Sardines in Extra Virgin Olive Oil",3.5,Extra Virgin Olive Oil,sprats,Poland,King Oscar,Yes,No,None,No,No,12/22,106,3.75,Yes,No,No,No,No,No,No,No,No,OU,1,350,15
"King Oscar Anchovies, Flat Fillets in Olive Oil",4,Olive Oil,anchovy,Peru,King Oscar,Yes,No,None,,,,56,2.0,No,No,No,No,No,No,No,No,No,None,2.5,870,38
King Oscar Cross-Pack Sardines (Sprats) in Extra Virgin Olive Oil,4.5,Extra Virgin Olive Oil,sprats,Poland,King Oscar,Yes,No,None,No,No,22/38,106,3.75,Yes,No,No,No,No,No,No,No,No,OU,1,350,15
King Oscar Kipper Snacks,3.75,Water,herring,Poland and Germany,King Oscar,Yes,No,None,No,No,Unstated,100,3.54,Yes,No,No,No,No,No,No,No,No,OU/GK,1,380,17
King Oscar Mackerel Fillets in Olive Oil,3.5,Olive Oil,mackerel,Poland,King Oscar,Yes,No,None,Yes,Yes,Unstated,115,4.05,No,No,No,No,No,No,No,No,No,OU,1,210,9
King Oscar Mackerel Fillets in Olive Oil with Lemon,3.5,Olive Oil,mackerel,Poland,King Oscar,Yes,No,Lemon Juice,Yes,Yes,Unstated,115,4.05,No,No,Yes,No,No,No,No,No,No,OU,1,200,9
King Oscar Mackerel Fillets Mediterranean Style,3.5,Olive Oil,mackerel,Poland,King Oscar,Yes,No,"Green Olives, Black Olives, Red Bell Pepper",Yes,Yes,Unstated,115,4.05,No,No,No,Yes,No,No,No,No,No,OU,1,300,13
King Oscar Mackerel Fillets with Jalapeño Peppers,3.5,Olive Oil,mackerel,Poland,King Oscar,Yes,Yes,Jalapeño,Yes,Yes,Unstated,115,4.05,No,No,No,No,Yes,No,No,No,No,OU,1,210,9
"King Oscar Royal Selection Sardines in Extra Virgin Olive Oil with Basil, Oregano, and Garlic",5,Extra Virgin Olive OIl,sprats,Poland,King Oscar,Yes,No,"Basil, Oregano, Garlic",No,No,8/22,106,3.75,Yes,No,No,Yes,No,No,No,No,No,OU,1,300,13
"King Oscar Royal Selection Sardines in Extra Virgin Olive Oil with Red Bell Pepper, Garlic, Rosemary & Hot Chili",5,Extra Virgin Olive OIl,sprats,Poland,King Oscar,Yes,No,"Red Bell Pepper, Rosemary, Garlic, Hot Chili",No,No,8/22,106,3.75,Yes,No,No,Yes,Yes,No,No,No,No,OU,1,470,20
King Oscar Royal Selection Sardines in Extra Virgin Olive Oil with Sliced Spanish Manzanilla Olives,5,Extra Virgin Olive Oil,sprats,Poland,King Oscar,Yes,No,Green Olives,No,No,8/22,106,3.75,Yes,No,No,No,No,No,No,No,No,OU,1,300,13
King Oscar Sardines (Sprats) in Dijon Mustard,3.5,Extra Virgin Olive Oil,sprats,Poland,King Oscar,Yes,Yes,Mustard,No,No,8/12,106,3.75,Yes,No,No,No,No,No,No,No,No,OU,1,580,25
King Oscar Sardines (Sprats) in Extra Virgin Olive Oil,3.5,Extra Virgin Olive Oil,sprats,Poland,King Oscar,Yes,No,None,No,No,12/22,106,3.75,Yes,No,No,No,No,No,No,No,No,OU/OUP,1,350,15
King Oscar Sardines (Sprats) in Extra Virgin Olive Oil with Jalapeño Peppers,3.5,Extra Virgin Olive Oil,sprats,Poland,King Oscar,Yes,No,Jalapeño,No,No,12/22,106,3.75,Yes,No,No,No,Yes,No,No,No,No,OU,1,330,14
King Oscar Sardines (Sprats) in Extra Virgin Olive Oil with Lemon,3.5,Extra Virgin Olive Oil,sprats,Poland,King Oscar,Yes,No,Lemon,No,No,8/12,106,3.75,Yes,No,Yes,No,No,No,No,No,No,OU,1,330,14
King Oscar Sardines (Sprats) in Extra Virgin Olive Oil with Spicy Cracked Pepper,3.5,Extra Virgin Olive Oil,sprats,Poland,King Oscar,Yes,No,"Peppercorns (Red, white, green, black)",No,No,8/12,106,3.75,Yes,No,No,No,No,No,No,No,No,OU,1,320,14
"King Oscar Sardines (Sprats) in Extra Virgin Olive Oil, White Wine Vinegar and Capers",3.5,Extra Virgin Olive Oil,sprats,Poland,King Oscar,Yes,No,"Capers, Vinegar",No,No,8/12,106,3.75,Yes,No,No,No,No,No,No,No,No,None,1,650,28
King Oscar Sardines (Sprats) in Zesty Tomato Sauce,3.5,Extra Virgin Olive Oil,sprats,Poland,King Oscar,Yes,Yes,Tomato,No,No,8/12,106,3.75,Yes,No,No,No,No,Yes,No,No,No,OU,1,550,24
"King Oscar Sardines (Sprats) Mediterranean Style with Extra Virgin Olive Oil, Herbes de Provence, Red Bell Pepper, Black Olives and Garlic",3.5,Extra Virgin Olive Oil,sprats,Poland,King Oscar,Yes,No,"Black Olives, Red Bell Pepper",No,No,8/12,106,3.75,Yes,No,No,Yes,No,No,No,No,No,OU,1,530,23
King Oscar Skinless and Boneless Sardines in Olive Oil,3.5,Olive Oil,sardines,Morocco,King Oscar,Yes,No,None,Yes,Yes,Unstated,125,4.38,No,No,No,No,No,No,No,No,No,OU/OUP,1,300,13
King Oscar Skinless and Boneless Sardines Spanish Style Chili Pepper and Olive Oil,3.5,Olive Oil,sardines,Morocco,King Oscar,Yes,No,"Red Chili Pepper, Carrot, Pickled Cucumber",Yes,Yes,Unstated,125,4.38,No,No,No,No,Yes,No,No,No,No,OU,1,290,13
"King Oscar Yellowfin Tuna in Extra Virgin Olive Oil with Green Olives, Glass Jar",15,Extra Virgin Olive Oil,tuna,El Salvador,King Oscar,Yes,No,"Green Olives, Red Pimentos",,,,190,6.7,No,No,No,No,No,No,No,No,No,None,1,550,24
"King Oscar Yellowfin Tuna in Extra Virgin Olive Oil with Herbes de Provence, Glass Jar",15,Extra Virgin Olive Oil,tuna,El Salvador,King Oscar,Yes,No,"Red Bell Pepper, Green Olives, Black Olives, Herbes de Provence",,,,190,6.7,No,No,No,No,No,No,No,No,No,None,1,930,40
"King Oscar Yellowfin Tuna in Extra Virgin Olive Oil with Jalapeño Peppers, Glass Jar",15,Extra Virgin Olive Oil,tuna,El Salvador,King Oscar,Yes,Yes,Jalapeño,,,,190,6.7,No,No,No,No,Yes,No,No,No,No,None,1,500,22
"King Oscar Yellowfin Tuna in Extra Virgin Olive Oil with Sun Dried Tomatoes, Glass Jar",15,Extra Virgin Olive Oil,tuna,El Salvador,King Oscar,Yes,No,Sun-Dried Tomatoes,,,,190,6.7,No,No,No,No,No,No,No,No,No,None,1,640,28
La Brújula Boneless & Skinless Sardine Filetes No. 36,30,Olive Oil,sardines,Spain,La Brújula,Yes,No,None,Yes,Yes,Unstated,130,4.6,No,No,No,No,No,No,No,No,No,None,2,120,5
La Brújula Chipiron Tinta (Squid in Ink) 6/8 No. 81,16.5,Olive Oil,squid,Spain,La Brújula,Yes,No,Ink,,,6/8,110,3.8,No,No,No,No,No,Yes,No,No,No,None,2,255,11
La Brújula Chipirones (Baby Squid in Olive Oil) 2/3 No. 84,15,Olive Oil,squid,Spain,La Brújula,Yes,No,None,,,2/3,110,3.9,No,No,No,No,No,No,No,No,No,None,2,160,7
La Brújula Chipirones (Baby Squid in Olive Oil) No. 80,17,Olive Oil,squid,Spain,La Brújula,Yes,No,None,,,Unstated,110,3.9,No,No,No,No,No,No,No,No,No,None,2,160,7
La Brújula Cockles in Brine 30/35 pieces No. 15,38,Water,cockles,Spain,La Brújula,Yes,No,None,,,30/35,113,4.0,No,No,No,No,No,No,No,No,No,None,2,280,12
"La Brújula Flat Anchovy Fillets in Olive Oil 12/15, No. 72",43,Olive Oil,anchovy,Spain,La Brújula,Yes,No,None,Yes,Yes,12/15,85,3.0,No,No,No,No,No,No,No,No,No,None,1,2,1
"La Brújula Mackerel Fillets in Olive Oil, No. 140",18,Olive Oil,mackerel,Spain,La Brújula,Yes,No,None,Yes,Yes,Unstated,115,4.0,No,No,No,No,No,No,No,No,No,None,1,267,12
La Brújula Mussels in Escabeche (Mejillones in Escabeche) 16/20 No. 130,11.5,"Olive Oil, Sunflower Oil",mussels,Spain,La Brújula,Yes,No,Escabeche,,,16/20,110,4.0,No,No,No,No,No,No,No,No,No,None,2,310,13
La Brújula Mussels in Pickled Sauce (Mejillones in Escabeche) 12/16 No. 24,16,"Olive Oil, Sunflower Oil",mussels,Spain,La Brújula,Yes,No,Escabeche,,,12/16,110,3.9,No,No,No,No,No,No,No,No,No,None,2,310,13
La Brújula Mussels in Pickled Sauce (Mejillones in Escabeche) 6/8 No. 21,18,"Olive Oil, Sunflower Oil",mussels,Spain,La Brújula,Yes,No,Escabeche,,,6/8,110,3.9,No,No,No,No,No,No,No,No,No,None,2,310,13
La Brújula Mussels in Pickled Sauce (Mejillones in Escabeche) 6/8 No. 26,24,Sunflower Oil,mussels,Spain,La Brújula,Yes,No,Escabeche,,,6/8,110,3.9,No,No,No,No,No,No,No,No,No,None,2,310,13
La Brújula Mussels in Pickled Sauce (Mejillones in Escabeche) 8/12 No. 23,18,"Olive Oil, Sunflower Oil",mussels,Spain,La Brújula,Yes,No,Escabeche,,,8/12,110,4.0,No,No,No,No,No,No,No,No,No,None,2,310,13
La Brújula Pulpo Con Pimentón (Octopus in Paprika Sauce) No. 83,45.5,Olive Oil,octopus,Spain,La Brújula,Yes,No,Paprika,,Na,Unstated,138,4.8,No,No,No,No,No,No,No,No,No,None,2,180,7
La Brújula Razor Clams (Navajas) No. 6,30,Water,razor clam,Spain,La Brújula,Yes,No,None,,,Unstated,115,4.0,No,No,No,No,No,No,No,No,No,None,1.5,364,15
"La Brújula Sardinas Guisadas (Fried Sardines in Sauce) ""Xoubas"" No. 35",18,Olive Oil,sardines,Spain,La Brújula,Yes,No,"Tomato, Onion, Red Pepper",No,No,Unstated,130,4.6,No,No,No,No,Yes,Yes,No,Yes,No,None,2,320,13
La Brújula Sardines in Olive Oil 3/4 Pieces No. 34,13,Olive Oil,sardines,Spain,La Brújula,Yes,No,None,No,No,3/4,115,4.0,No,No,No,No,No,No,No,No,No,None,1,185,8
La Brújula Sardinillas (Small Sardines) 16/20 count No. 31,13,Olive Oil,sardines,Spain,La Brújula,Yes,No,None,No,No,16/20,115,4.0,No,No,No,No,No,No,No,No,No,None,2,180,8
La Brújula Scallops (Zamburiñas) in Sauce No. 90,29,Olive Oil,scallops,Spain,La Brújula,Yes,No,"Tomato, Onion, Red Pepper",,,Unstated,110,3.9,No,No,No,No,Yes,Yes,No,No,No,None,2,180,7
La Brújula Sea Urchin (Huevas de Erizo de Mar) No. 91,90,Water,urchin,Spain,La Brújula,Yes,No,None,,,Unstated,110,3.9,No,No,No,No,No,No,No,No,No,None,2,150,6
La Brújula Suprema Yellowfin Tuna Belly (Ventresca) No. 65,21,Olive Oil,tuna,Spain,La Brújula,Yes,No,None,,,,110,3.9,No,No,No,No,No,No,No,No,No,None,2,190,8
"La Brújula White Tuna (Bonito del Norte) in Olive Oil, No. 51, Glass Jar",35,Olive Oil,tuna,Spain,La Brújula,Yes,No,None,,,Unstated,227,8.0,No,No,No,No,No,No,No,No,No,None,2,530,22
La Brújula White Tuna in Olive Oil No. 54,15,Olive Oil,tuna,Spain,La Brújula,Yes,No,None,,,,115,3.9,No,No,No,No,No,No,No,No,No,None,2,530,22
La Brújula Yellowfin Tuna Belly (Ventresca) No. 60,21,Olive Oil,tuna,Spain,La Brújula,Yes,No,None,,,,110,3.9,No,No,No,No,No,No,No,No,No,None,2,190,8
"La Brújula Yellowfin Tuna Belly (Ventresca) No. 61, Large Format",37,Olive Oil,tuna,Spain,La Brújula,Yes,No,None,,,,266,9.4,No,No,No,No,No,No,No,No,No,None,2,190,8
"La Brújula Yellowfin Tuna in Olive Oil, No. 62 Large Format",62,Olive Oil,tuna,Spain,La Brújula,Yes,No,None,,,,990,,No,No,No,No,No,No,No,No,No,None,2,130,5
Maria Organic Mackerel Fillets in Organic EVOO,13,"Extra Virgin Olive Oil, Organic",mackerel,Portugal,Maria Organic,Yes,No,None,Yes,Yes,Unstated,120,4.2,No,No,No,No,No,No,No,No,Yes,None,?,800,13
Maria Organic Sardines in Organic EVOO,11,"Extra Virgin Olive Oil, Organic",sardines,Portugal,Maria Organic,Yes,No,None,No,No,Unstated,120,4.2,No,No,No,No,No,No,No,No,Yes,None,?,920,15
Maria Organic Sardines in Organic Tomatoes and Organic EVOO,11,"Extra Virgin Olive Oil, Organic",sardines,Portugal,Maria Organic,Yes,No,Tomato,No,No,Unstated,120,4.2,No,No,No,No,No,Yes,No,No,Yes,None,?,820,14
Maria Organic Small Sardines in Organic EVOO,11,"Extra Virgin Olive Oil, Organic",sardines,Spain,Maria Organic,Yes,No,None,No,No,Unstated,90,3.2,No,No,No,No,No,No,No,No,Yes,None,?,1000,17
Maria Organic Spiced Mackerel Fillets in Organic EVOO,13,"Extra Virgin Olive Oil, Organic",mackerel,Portugal,Maria Organic,Yes,No,Spiced/Spicy,Yes,Yes,Unstated,120,4.2,No,No,No,No,Yes,No,No,No,Yes,None,?,800,13
Maria Organic Spiced Small Sardines in Organic EVOO,11,"Extra Virgin Olive Oil, Organic",sardines,Spain,Maria Organic,Yes,No,Spiced/Spicy,No,No,Unstated,90,3.2,No,No,No,No,Yes,No,No,No,Yes,None,?,1400,23
Marusa Shirasu Whitebait (“Anchovies”) with Black Pepper and Basil Infused Oil,14.5,Cottonseed Oil,anchovy,Japan,Marusa,Yes,No,"Basil, Pepper, Cheese",,,Unstated,80,2.82,No,No,No,Yes,No,No,Yes,No,No,None,5,105,5
Marusa Shirasu Whitebait (“Anchovies”) with Garlic Flakes and Togarishi,14.5,Extra Virgin Olive Oil,anchovy,Japan,Marusa Shirasu,No,No,Togarashi,,,Unstated,85,2.8,No,No,No,Yes,Yes,No,No,No,No,None,5,180,8
Marusa Shirasu Whitebait (“Anchovies”) with Mentaiko (Cod Roe),14.5,Cottonseed Oil,anchovy,Japan,Marusa,Yes,No,Cod Roe,,,Unstated,80,2.82,No,No,No,No,No,No,No,No,No,None,5,160,7
Marusa Shirasu Whitebait (“Anchovies”) with Yuzu Kosho,14.5,Cottonseed Oil,anchovy,Japan,Marusa,Yes,No,Yuku Kosho,,,Unstated,80,2.82,No,No,Yes,No,No,No,No,No,No,None,5,120,5
Mary Manette Smoked Canadian Mussels,18,Mussel Nectar,mussels,Canada,Mary Manette,Yes,Yes,None,,,Unstated,70,2.5,Yes,No,No,No,No,No,No,No,No,None,1,370,16
Mary Manette Smoked Salmon Pâté,13,,salmon,Canada,Mary Manette,Yes,No,"Cream, egg",,,Unstated,90,3.17,Yes,No,Yes,Yes,No,No,Yes,No,No,None,2,120,5
Mary Manette Smoked Wild Nova Scotia Herring,12,None,herring,Canada,Mary Manette,Yes,No,None,No,No,Unstated,190,6.7,Yes,No,No,No,No,No,No,No,No,None,4,210,9
Matiz Bonito del Norte in Spanish Olive Oil,9.5,Olive Oil,tuna,Spain,Matiz,Yes,No,None,,,,111,4.0,No,No,No,No,No,No,No,No,No,None,1,290,13
Matiz Cockles in Brine,12,Water,cockles,Spain,Matiz,Yes,No,None,,,Unstated,111,4.0,No,No,No,No,No,No,No,No,No,None,1,380,17
Matiz Giant Calamari with White Beans and Paprika,10.5,Sunflower Oil,squid,Spain,Matiz,Yes,No,"beans, spices (sweet paprika, hot paprika), onion, wine vinegar",,,Unstated,115,4.05,No,No,No,No,No,No,No,No,No,None,1,280,12
Matiz Lightly Smoked Sardines in Spanish Olive Oil,5.5,Olive Oil,sardines,Spain,Matiz,Yes,No,None,No,No,Unstated,120,4.2,Yes,No,No,No,No,No,No,No,No,None,1,340,15
Matiz Mackerel in Organic Extra Virgin Olive Oil,6.5,"Extra Virgin Olive Oil, Organic",mackerel,Spain,Matiz,Yes,No,None,Yes,Yes,Unstated,85,3.0,No,No,No,No,No,No,No,No,Yes,None,1,270,12
Matiz Octopus (Wild Pulpo) in Spanish Olive Oil,14,Olive Oil,octopus,Spain,Matiz,Yes,No,None,,,Unstated,111,4.0,No,No,No,No,No,No,No,No,No,None,1,340,15
Matiz Organic Mussels in Olive Oil & Vinegar (en Escabeche),10.5,"Extra Virgin Olive Oil, Organic",mussels,Spain,Matiz,Yes,No,Escabeche,,,Unstated,111,4.0,No,No,No,No,No,No,No,No,Yes,None,1,550,24
Matiz Sardines in Spanish Olive Oil,5,Olive Oil,sardines,Spain,Matiz,Yes,No,None,No,No,Unstated,120,4.2,No,No,No,No,No,No,No,No,No,None,1,336,15
Matiz Sardines with Lemon,5,Sunflower Oil,sardines,Spain,Matiz,Yes,No,None,No,No,Unstated,120,4.2,No,No,Yes,No,No,No,No,No,No,None,1,340,15
Matiz Small Sardines with Sweet Piquillo Peppers,6.5,Olive Oil,sardines,Spain,Matiz,Yes,No,Piquillo Peppers,No,No,Unstated,85,3.0,No,No,No,No,No,No,No,No,No,None,1,310,14
Matiz Spicy Sardines with Piri Piri Pepper,5.5,Olive Oil,sardines,Spain,Matiz,Yes,No,Spiced/Spicy,No,No,Unstated,120,4.2,No,No,No,No,Yes,No,No,No,No,None,1,336,15
Matiz Wild Cod in Spanish Olive Oil,11,Olive Oil,cod,Spain,Matiz,Yes,No,None,Yes,No,Unstated,111,4.0,No,No,No,No,No,No,No,No,No,None,1,470,20
Minerva Mackerel Fillets in Organic Extra Virgin Olive Oil,14,"Extra Virgin Olive Oil, Organic",mackerel,Portugal,Minerva,Yes,No,None,Yes,Yes,Unstated,120,4.2,No,No,No,No,No,No,No,No,Yes,None,?,1000,?
Minerva Mackerel Fillets in Spiced Olive Oil with Pickles,9,Olive Oil,mackerel,Portugal,Minerva,Yes,No,"Spiced/Spicy Carrot, Cucumber, Piri Piri",Yes,Yes,Unstated,120,4.0,No,No,No,No,Yes,No,No,No,No,None,?,1000,?
Minerva Mackerel Fillets in Olive Oil,9,Olive Oil,mackerel,Portugal,Minerva,Yes,No,None,Yes,Yes,Unstated,120,4.2,No,No,No,No,No,No,No,No,No,None,1,840,37
Minerva Sardines in Olive Oil,7,Olive Oil,sardines,Portugal,Minerva,Yes,No,None,No,No,Unstated,120,4.0,No,No,No,No,No,No,No,No,No,None,?,800,?
Minerva Sardines in Olive Oil with Lemon,7,Olive Oil,sardines,Portugal,Minerva,Yes,No,Lemon,No,No,Unstated,120,4.2,No,No,Yes,No,No,No,No,No,No,None,?,800,?
Minerva Sardines in Olive Oil in Tomato,7,Olive OIl,sardines,Portugal,Minerva,Yes,No,Tomato,No,No,Unstated,120,4.2,No,No,No,No,No,Yes,No,No,No,None,1,600,26
Minerva Sardines in Organic Extra Virgin Olive Oil,11,"Extra Virgin Olive Oil, Organic",sardines,Portugal,Minerva,Yes,No,None,No,No,Unstated,120,4.2,No,No,No,No,No,No,No,No,Yes,None,?,900,?
Minerva Sardines in Organic Extra Virgin Olive Oil with Piri Piri Pepper,11,"Extra Virgin Olive Oil, Organic",sardines,Portugal,Minerva,Yes,No,Spiced/Spicy,No,No,Unstated,120,4.2,No,No,No,No,Yes,No,No,No,Yes,None,?,900,?
Minerva Sardines in Spicy Olive Oil with Pickled Vegetables,7,Olive Oil,sardines,Portugal,Minerva,Yes,No,Spiced/picy,No,No,Unstated,120,4.2,No,No,No,No,Yes,No,No,No,No,None,1,417,18
Minerva Sardines Skinless & Boneless in Hot Tomato Sauce,9.5,Olive Oil,sardines,Portugal,Minerva,Yes,No,Spiced/Spicy Tomato,Yes,Yes,Unstated,120,4.0,No,No,No,No,Yes,Yes,No,No,No,None,?,680,?
Minerva Sardines Skinless & Boneless in Olive Oil,9.5,Olive Oil,sardines,Portugal,Minerva,Yes,No,None,Yes,Yes,Unstated,120,4.0,No,No,No,No,No,No,No,No,No,None,?,425,?
Minerva Sardines Skinless & Boneless in Spiced Olive Oil and Pickles,9,Olive Oil,sardines,Portugal,Minerva,Yes,No,Spiced/Spicy,Yes,Yes,Unstated,120,4.0,No,No,No,No,Yes,No,No,No,No,None,?,425,?
Minerva Skipjack Tuna Fillets in Olive Oil,11.5,Olive Oil,tuna,Portugal,Minerva,Yes,No,None,,,,120,4.0,No,No,No,No,No,No,No,No,No,None,?,700,?
Minerva Skipjack Tuna Fillets in Organic Extra Virgin Olive Oil,14.5,"Extra Virgin Olive Oil, Organic",tuna,Portugal,Minerva,Yes,No,None,,,,120,4.0,No,No,No,No,No,No,No,No,Yes,None,?,700,?
Minerva Skipjack Tuna Fillets in Spiced Olive Oil,11,Olive OIl,tuna,Portugal,Minerva,Yes,No,Spiced/Spicy,,,Unstated,120,4.0,No,No,No,No,Yes,No,No,No,No,None,?,490,?
Minerva Ventresca of Yellowfin Tuna in Olive Oil,16.5,Olive Oil,tuna,Portugal,Minerva,Yes,No,None,,,Unstated,120,4.0,No,No,No,No,No,No,No,No,No,None,?,700,?
"Mouettes d’Arvor Sardines in Extra Virgin Olive Oil, Vintage “Ville Bleue 2022”",12.5,Extra Virgin Olive Oil,sardines,France,Mouettes d'Arvor,Yes,No,None,,,Unstated,115,4.0,No,No,No,No,No,No,No,No,No,None,2,280,10
"Mouettes d’Arvor Sardines in Extra Virgin Olive Oil, Vintage “Saison 2022”",12.5,Extra Virgin Olive Oil,sardines,France,Mouettes d'Arvor,Yes,No,None,No,No,Unstated,115,4.0,No,No,No,No,No,No,No,No,No,None,2,280,10
Mouettes d’Arvor Rillettes de Langoustine aux graines de Souchet (Langoustine Rillettes with Tiger Nuts),11,Sunflower Oil,lobster,France,Mouettes d'Arvor,Yes,No,Tiger nuts,Yes,Yes,,125,4.4,No,No,No,Yes,No,No,Yes,No,No,None,2,310,
Mouettes d'Arvor Boneless Whole Sardines in Extra Virgin Olive Oil,14,"Extra Virgin Olive Oil, Organic",sardines,France,Mouettes d'Arvor,Yes,No,None,Yes,No,Unstated,115,4.0,No,No,No,No,No,No,No,No,Yes,None,2,280,10
Mouettes d'Arvor Filets de maquereaux au naturel (Mackerel Fillets in Brine),9,Water,mackerel,France,Mouettes d'Arvor,Yes,No,None,Yes,Yes,Unstated,169,5.96,No,No,No,No,No,No,No,No,No,None,3,200,9
Mouettes d'Arvor Mackerel Fillets in Catalan Sauce (Filets de Maquereaux à la Catalane),10.5,Sunflower Oil,mackerel,France,Mouettes d'Arvor,Yes,Yes,Catalan,Yes,No,Unstated,169,5.96,No,No,No,No,No,Yes,No,No,No,None,3,116,5
Mouettes d'Arvor Mackerel Fillets in Escabeche,10.5,Sunflower Oil,mackerel,France,Mouettes d'Arvor,Yes,No,Escabeche,Yes,Yes,Unstated,169,5.96,No,No,No,No,No,Yes,No,No,No,None,3,94,4
Mouettes d'Arvor Mackerel Fillets with Lemon and Basil,10.5,Sunflower Oil,mackerel,France,Mouettes d'Arvor,Yes,Yes,"Mustard, Lemon Juice, Basil",Yes,Yes,Unstated,176,6.2,No,No,Yes,No,No,No,No,No,No,None,3,69,3
Mouettes d'Arvor Mackerel Fillets with Organic Brittany Seaweed,10,Extra Virgin Olive Oil,mackerel,France,Mouettes d'Arvor,Yes,No,Seaweed,Yes,No,Unstated,176,6.2,No,No,No,No,No,No,No,No,Yes,None,3,45,2
Mouettes d'Arvor Mackerel in Muscadet Wine & Herbs,9,Water,mackerel,France,Mouettes d'Arvor,Yes,No,"Vinegar, Wine",Yes,No,Unstated,176,6.2,No,No,No,No,No,No,No,No,No,None,3,40,2
Mouettes d'Arvor Mackerel in Mustard & Crème Fraiche,9,Sunflower Oil,mackerel,France,Mouettes d'Arvor,Yes,No,"Mustard, Cream",Yes,No,Unstated,169,5.96,No,No,No,Yes,No,No,Yes,No,No,None,3,290,13
Mouettes d'Arvor Rillettes de Maquereaux à la moutarde à l'ancienne (Mackerel Rillette with whole grain mustard),9,Sunflower Oil,mackerel,France,Mouettes d'Arvor,Yes,No,"Mustard, Onion",,,,125,4.4,No,No,No,No,No,No,No,No,No,None,2,190,8
Mouettes d'Arvor Rillettes de Merlu au cidre (Hake rillettes with cider),9,Sunflower Oil,hake,France,Mouettes d'Arvor,Yes,No,"Cream, Onion, Garlic, Cider",,,,125,4.4,No,No,No,Yes,No,No,Yes,No,No,None,2,290,13
Mouettes d'Arvor Rillettes de noix de Saint-Jacques (Scallop Rillettes),12,"Butter, Sunflower Oil",scallops,France,Mouettes d'Arvor,Yes,No,"Carrots, Butter, Onion, Garlic",,,,125,4.4,No,No,No,Yes,No,No,Yes,Yes,No,None,2,360,16
Mouettes d'Arvor Rillettes de Thon Blanc aux tomates séchées (Albacore with sun-dried tomatoes),9.5,Sunflower Oil,tuna,France,Mouettes d'Arvor,Yes,No,Sun-Dried Tomatoes,,,,125,4.4,No,No,No,Yes,No,Yes,No,No,No,None,2,240,11
Mouettes d'Arvor Rillettes of Salmon w/ Lemon & Dill,9,Sunflower Oil,salmon,France,Mouettes d'Arvor,Yes,No,"Lemon, Dill",,,Rillette,125,4.4,No,No,Yes,No,No,No,No,No,No,None,2,475,21
Mouettes d'Arvor Rillettes of Tuna & Fromage Frais,9,Sunflower Oil,tuna,France,Mouettes d'Arvor,Yes,No,"Cheese, Fromage Frais (cream cheese)",,,Rillette,125,4.0,No,No,No,Yes,No,No,Yes,No,No,None,2,90,4
Mouettes d'Arvor Sardine Fillets in Extra Virgin Olive Oil,10,Extra Virgin Olive Oil,sardines,France,Mouettes d'Arvor,Yes,No,None,Yes,Yes,Unstated,100,3.5,No,No,No,No,No,No,No,No,No,None,2,298,13
Mouettes d'Arvor Sardine Rillettes with Fresh Tomato,9,Sunflower Oil,sardines,France,Mouettes d'Arvor,Yes,No,"Tomato, Onion, Red Pepper",,,,125,4.4,No,No,No,No,No,Yes,No,No,No,None,2,250,11
Mouettes d'Arvor Sardines in EVOO w/ Lemon Confit & Chili Pepper,9.5,Extra Virgin Olive Oil,sardines,France,Mouettes d'Arvor,Yes,No,"Lemon, Chili",No,No,Unstated,115,4.0,No,No,Yes,No,Yes,No,No,No,No,None,2,280,10
Mouettes d'Arvor Sardines in EVOO with Basil and Thyme,11,Extra Virgin Olive Oil,sardines,France,Mouettes d'Arvor,Yes,No,"Basil, Thyme",No,No,Unstated,115,4.0,No,No,No,No,No,No,No,No,No,None,2,280,10
Mouettes d'Arvor Sardines in Extra Virgin Olive Oil,11,Extra Virgin Olive Oil,sardines,France,Mouettes d'Arvor,Yes,No,None,No,No,Unstated,115,4.0,No,No,No,No,No,No,No,No,No,None,2,280,10
Mouettes d'Arvor Sardines in Extra Virgin Olive Oil and Chili (Pili-Pili),11,Extra Virgin Olive Oil,sardines,France,Mouettes d'Arvor,Yes,No,Spiced/Spicy,No,No,Unstated,115,4.0,No,No,No,No,Yes,No,No,No,No,None,2,280,10
Mouettes d'Arvor Sardines in Extra Virgin Olive Oil and Lemon,11,Extra Virgin Olive Oil,sardines,France,Mouettes d'Arvor,Yes,No,Lemon,No,No,Unstated,115,4.0,No,No,Yes,No,No,No,No,No,No,None,2,280,10
Mouettes d'Arvor Sardines in Extra Virgin Olive Oil and Tomato Sauce,10,Extra Virgin Olive Oil,sardines,France,Mouettes d'Arvor,Yes,Yes,Tomato,No,No,Unstated,115,4.0,No,No,No,No,No,Yes,No,No,No,None,2,180,8
Mouettes d'Arvor Sardines in Extra Virgin Olive Oil with Sichuan Pepper,11,Extra Virgin Olive Oil,sardines,France,Mouettes d'Arvor,Yes,No,Sichuan Pepper,No,No,Unstated,115,4.0,No,No,No,No,No,No,No,No,No,None,2,280,10
"Mouettes d'Arvor Sardines in Extra Virgin Olive Oil, Commemorative ""Brest 2020""",16,Extra Virgin Olive Oil,sardines,France,Mouettes d'Arvor,Yes,No,None,No,No,Unstated,115,4.0,No,No,No,No,No,No,No,No,No,None,2,280,10
"Mouettes d'Arvor Sardines in Extra Virgin Olive Oil, Vintage ""Saison 2018""",13,Extra Virgin Olive Oil,sardines,France,Mouettes d'Arvor,Yes,No,None,No,No,Unstated,115,4.0,No,No,No,No,No,No,No,No,No,None,2,240,10
"Mouettes d'Arvor Sardines in Extra Virgin Olive Oil, Vintage ""Saison 2020""",13.5,Extra Virgin Olive Oil,sardines,France,Mouettes d'Arvor,Yes,No,None,No,No,Unstated,115,4.0,No,No,No,No,No,No,No,No,No,None,2,280,10
"Mouettes d'Arvor Sardines in Extra Virgin Olive Oil, Vintage ""Saison 2021""",12.5,Extra Virgin Olive Oil,sardines,France,Mouettes d'Arvor,Yes,No,None,No,No,Unstated,115,4.0,No,No,No,No,No,No,No,No,No,None,2,280,10
"Mouettes d'Arvor Sardines in Extra Virgin Olive Oil, Vintage ""Ville bleue 2019""",11,Extra Virgin Olive Oil,sardines,France,Mouettes d'Arvor,Yes,No,None,No,No,Unstated,115,4.0,No,No,No,No,No,No,No,No,No,None,2,240,10
"Mouettes d'Arvor Sardines in Extra Virgin Olive Oil, Vintage ""Ville Bleue 2020""",13.5,Extra Virgin Olive Oil,sardines,France,Mouettes d'Arvor,Yes,No,None,No,No,Unstated,115,4.0,No,No,No,No,No,No,No,No,No,None,2,240,10
"Mouettes d'Arvor Sardines in Extra Virgin Olive Oil, Vintage “Ville Bleue 2021”",12.5,Extra Virgin Olive Oil,sardines,France,Mouettes d'Arvor,Yes,No,None,No,No,Unstated,115,4.0,No,No,No,No,No,No,No,No,No,None,2,280,10
Mouettes d'Arvor Sardines in Olive Oil with Sun-Dried Tomatoes,11,Extra Virgin Olive Oil,sardines,France,Mouettes d'Arvor,Yes,No,Sun-Dried Tomatoes,No,No,Unstated,115,4.0,No,No,No,No,No,Yes,No,No,No,None,2,316,14
Mouettes d'Arvor Sardines in Organic Extra Virgin Olive Oil with Brittany Seaweed,10,"Extra Virgin Olive Oil, Organic",sardines,France,Mouettes d'Arvor,Yes,No,Seaweed,No,No,Unstated,115,4.0,No,No,No,No,No,No,No,No,Yes,None,2,240,10
Mouettes d'Arvor Sardines in Organic Extra Virgin Olive Oil with Piment d'Espelette,10,"Extra Virgin Olive Oil, Organic",sardines,France,Mouettes d'Arvor,Yes,No,Piment d'Espelette,No,No,Unstated,115,4.0,No,No,No,No,No,No,No,No,Yes,None,2,280,10
"Mouettes d'Arvor Sardines in Organic Extra Virgin Olive Oil with Yuzu, Orange and Grapefruit",10,"Extra Virgin Olive Oil, Organic; Sunflower Oil, Organic",sardines,France,Mouettes d'Arvor,Yes,No,"Yuzu, Grapefruit, Orange",No,No,Unstated,115,4.0,No,No,Yes,No,No,No,No,No,Yes,None,2,280,10
Mouettes d'Arvor Sardines in Peanut Oil,11,Peanut Oil,sardines,France,Mouettes d'Arvor,Yes,No,None,No,No,Unstated,115,4.0,No,No,No,No,No,No,No,No,No,None,2,280,12
Mouettes d'Arvor Sardines with Butter & Sea Salt from Guérande,11.5,Butter,sardines,France,Mouettes d'Arvor,Yes,No,None,No,No,Unstated,115,4.0,No,No,No,No,No,No,Yes,No,No,None,2,440,20
"Mouettes d'Arvor Sardines with Persillade (butter, garlic, parsley)",11.5,Butter,sardines,France,Mouettes d'Arvor,Yes,No,"Garlic, Parsley",No,No,Unstated,115,4.0,No,No,No,Yes,No,No,Yes,No,No,None,2,530,24
Mouettes d'Arvor Sardinettes in Olive Oil 8/10,11.5,Extra Virgin Olive Oil,sardines,France,Mouettes d'Arvor,Yes,No,None,No,No,8/10,100,3.5,No,No,No,No,No,No,No,No,No,None,2,120,5
Mouettes d'Arvor Sardinettes in Olive Oil with Lemon 8/10,11.5,Extra Virgin Olive Oil,sardines,France,Mouettes d'Arvor,Yes,No,Lemon,No,No,8/10,100,3.5,No,No,Yes,No,No,No,No,No,No,None,2,296,13
Mouettes d'Arvor Sardinettes in Olive Oil with Piment d'Espelette 8/10,11.5,Extra Virgin Olive Oil,sardines,France,Mouettes d'Arvor,Yes,No,Piment d'Espelette,No,No,8/10,100,3.5,No,No,No,No,No,No,No,No,No,None,2,120,5
Mouettes d'Arvor Thon Blanc Germon (Albacore) Steak in Organic Extra Virgin Olive Oil,16,"Extra Virgin Olive Oil, Organic",tuna,France,Mouettes d'Arvor,Yes,No,None,,,,160,5.3,No,No,No,No,No,No,No,No,Yes,None,3,130,6
Mouettes d'Arvor Tuna Rillettes with Green Peppercorn (Rillettes de Thon au poivre vert),9,Sunflower Oil,tuna,France,Mouettes d'Arvor,Yes,No,Green Peppercorn,,,,125,4.4,No,No,No,No,No,No,No,No,No,None,2,128,6
Mouettes d'Arvor Whole Anchovy in Extra Virgin Olive Oil,10.5,Extra Virgin Olive Oil,anchovy,France,Mouettes d'Arvor,Yes,No,None,No,No,Unstated,100,3.53,No,No,No,No,No,No,No,No,No,None,2,240,11
Mouettes d’Arvor Cod Liver,7,Cod Liver Oil,cod,France,Mouettes d'Arvor,Yes,No,None,,,,120,4.2,No,No,No,No,No,No,No,No,No,None,2,1980,90
Mouettes d’Arvor Thon à la Catalane Bio (Skipjack Tuna in Organic Catalan Sauce),10.5,Sunflower Oil,tuna,France,Mouettes d'Arvor,Yes,Yes,Catalan Sauce,,,,160,5.3,No,No,No,No,No,Yes,No,No,No,None,3,80,4
Mouettes d’Arvor Thon au Citron Confit au Gingembre Bio (Skipjack Tuna with Organic Lemon and Ginger Confit),10.5,"Extra Virgin Olive Oil, Sunflower Oil",tuna,France,Mouettes d'Arvor,Yes,No,"confit lemon with ginger* 3% (confit lemon* with salt (44%), sunflower* oil, ginger (2%), alcohol vinegar*, spices*)",,,,160,5.3,No,No,Yes,No,No,No,No,No,No,None,3,57,3
Nissui Mackerel in Miso,4.5,Miso,mackerel,Japan,Nissui,Yes,Yes,Miso,No,No,Unstated,190,6.7,No,No,No,No,No,No,No,No,No,None,2,440,19
Nissui Mackerel in Oil,4.5,Soybean Oil,mackerel,Japan,Nissui,Yes,No,None,No,No,Unstated,185,6.52,No,No,No,No,No,No,No,No,No,None,2,290,13
Nissui Mackerel in Soy Sauce,4.5,Soy Sauce,mackerel,Japan,Nissui,Yes,Yes,Soy Sauce,No,No,Unstated,190,6.7,No,No,No,No,No,No,No,Yes,No,None,2,460,20
Nissui Whole Sardines in Miso (Iwashi Miso Ni),4.5,Miso,sardines,Japan,Nissui,Yes,Yes,Miso,No,No,Unstated,100,3.53,No,No,No,No,No,No,No,No,No,None,1,570,25
Nissui Whole Sardines in Sweet Soy Sauce (Iwashi Ajitsuke),4.5,Soy Sauce,sardines,Japan,Nissui,Yes,Yes,Soy Sauce,No,No,Unstated,100,3.53,No,No,No,No,No,No,No,Yes,No,None,1,670,29
Nuri Mackerel Fillets in Olive Oil,8.5,Olive Oil,mackerel,Portugal,Nuri,Yes,No,None,Yes,Yes,Unstated,125,4.4,No,No,No,No,No,No,No,No,No,None,1,500,22
Nuri Sardines in Extra Spicy Olive Oil 3/5,8.5,Olive Oil,sardines,Portugal,Nuri,Yes,No,Spiced/Spicy,No,No,Unstated,125,4.4,No,No,No,No,Yes,No,No,No,No,None,1,1000,21
Nuri Sardines in Olive Oil 3/5,7,Olive Oil,sardines,Portugal,Nuri,Yes,No,None,No,No,Unstated,125,4.4,No,No,No,No,No,No,No,No,No,None,1,500,22
Nuri Sardines in Spiced Tomato Sauce 3/5,7,Olive Oil,sardines,Portugal,Nuri,Yes,No,"Spiced/Spicy, Tomato, Cucumber, Chili, Carrot",No,No,Unstated,125,4.4,No,No,No,No,Yes,Yes,No,No,No,None,1,500,22
Nuri Sardines in Tomato Sauce 3/5,7,Olive Oil,sardines,Portugal,Nuri,Yes,No,Tomato,No,No,Unstated,125,4.4,No,No,No,No,No,Yes,No,No,No,None,1,500,22
Nuri Spiced Mackerel Fillets in Olive Oil,8.5,Olive Oil,mackerel,Portugal,Nuri,Yes,No,Spiced/Spicy,Yes,Yes,Unstated,125,4.4,No,No,No,No,Yes,No,No,No,No,None,1,500,22
Nuri Spiced Sardine Pâté,8,Olive Oil,sardines,Portugal,Nui,Yes,No,"Tomato, Chickpea, Carrot, Bay, Laurel",Yes,,Unstated,65,2.29,No,No,No,No,Yes,Yes,No,No,No,None,1,200,8
Nuri Spiced Sardines in Olive Oil 3/5,7,Olive Oil,sardines,Portugal,Nuri,Yes,No,"Spiced/Spicy, Cucumber, Chili, Carrot",No,No,Unstated,125,4.4,No,No,No,No,Yes,No,No,No,No,None,1,500,22
Nuri Spiced Small Whole Mackerel in Olive Oil,7,Olive Oil,mackerel,Portugal,Nuri,Yes,No,"Spiced/Spicy Cucumber, Chili, Carrot",No,No,Unstated,125,4.4,No,No,No,No,Yes,No,No,No,No,None,1,500,22
Ocean’s Brisling Sardines (Sprats) in Olive Oil,5,Olive Oil,sprats,Scotland,Ocean's,Yes,No,None,No,No,Unstated,106,3.75,No,No,No,No,No,No,No,No,No,None,1,380,17
Ocean’s Brisling Sardines (Sprats) Mediterranean,5,Olive Oil/Sunflower Oil,sprats,Scotland,Ocean's,Yes,No,"Olives, peppers, herbs",No,No,Unstated,106,3.75,No,No,No,Yes,No,No,No,No,No,None,1,210,9
Ocean’s Mackerel Fillets in Korma Curry Sauce,5,Sunflower Oil,mackerel,Scotland,Ocean's,Yes,Yes,Curry,Yes,Yes,Unstated,125,4.41,No,No,No,Yes,Yes,Yes,No,No,No,None,1,260,11
"Ocean’s Mackerel Fillets with Black Olive, Red Pepper and Herbs",5,Sunflower/Rapeseed Oil,mackerel,Scotland,Ocean's,Yes,No,Spices,Yes,Yes,Unstated,125,4.41,No,No,No,Yes,Yes,No,No,No,No,None,1,290,13
Ocean’s Mackerel Fillets with Jalapeño,5,Sunflower Oil,mackerel,Scotland,Ocean's,Yes,No,Jalapeno Peppers,Yes,Yes,Unstated,125,4.41,No,No,No,No,No,No,No,No,No,None,1,210,9
Ocean’s Smoked Mackerel with Juniper and Coriander,6.5,Sunflower Oil,mackerel,Scotland,Ocean's,Yes,No,Juniper and Coriander Seed Oil,Yes,Yes,Unstated,110,3.88,Yes,No,No,No,No,No,No,No,No,None,1,500,22
Ocean’s Smoked Peppered Mackerel,6.5,Sunflower Oil,mackerel,Scotland,Ocean's,Yes,No,Black Pepper,Yes,Yes,Unstated,110,3.88,Yes,No,No,No,No,No,No,No,No,None,1,500,22
Ocean’s Sweet Smoked Mackerel,6.5,Sunflower Oil,mackerel,Scotland,Ocean's,Yes,Yes,Sweet Smoked,Yes,Yes,Unstated,110,3.88,Yes,No,No,No,No,No,No,No,No,None,1,600,26
Officer Smoked Cod Liver,5,None,cod,Denmark,Officer,Yes,No,None,,,Unstated,120,4.2,Yes,No,No,No,No,No,No,No,No,None,?,730,?
Ohotomorye Smoked Smelt (Korushka),8.5,Vegetable Oil,smelt,Russia,Ohotomorye,Yes,No,None,No,No,Unstated,175,6.17,Yes,No,No,No,No,No,No,No,No,None,?,?,?
Olasagasti Anchovies a la Basque (Donostiarra),12,Olive Oil,anchovy,Spain,Olasagasti,Yes,No,"Garlic, Chili",No,No,Unstated,190,6.7,No,No,No,Yes,Yes,No,No,No,No,None,1,980,43
Olasagasti Anchovy Fillets,11,Olive Oil,anchovy,Spain,Olasagasti,Yes,No,None,Yes,Yes,Unstated,48,1.69,No,No,No,No,No,No,No,No,No,None,2,855,37
Olasagasti Atun Claro (Yellowfin Tuna) in Olive Oil,10,Olive Oil,tuna,Spain,Olasagasti,Yes,No,None,,,,120,4.0,No,No,No,No,No,No,No,No,No,None,1,470,20
"Olasagasti Atun Rojo (Bluefin) in EVOO, Large Format",36,Olive Oil,tuna,Spain,Olasagasti,Yes,No,None,,,,270,9.5,No,No,No,No,No,No,No,No,No,None,3,401,17
"Olasagasti Bonito del Norte (Albacore) Loins in Olive Oil, Glass Jar",24,Olive Oil,tuna,Italy,Olasagasti,Yes,No,None,,,,,6.75,No,No,No,No,No,No,No,No,No,None,2,431,19
Olasagasti Bonito Del Norte in EVOO,13,Olive Oil,tuna,Spain,Olasagasti,Yes,No,None,,,,120,4.0,No,No,No,No,No,No,No,No,No,None,1,478,21
"Olasagasti Lomo de atún a la siciliana, en salsa tomates secos (Tuna Fillet in Sun-Dried Tomato Sauce)",13,Sunflower Oil,tuna,Italy,Olasagasti,Yes,Yes,"Tomato, Black Olives",,,Unstated,200,7.0,No,No,No,Yes,No,Yes,No,No,No,None,1,1000,43
"Olasagasti Lomo de atún a la toscana, con alubias blancas (Tuna Fillet a la Toscana (with white bean stew))",13,Olive Oil,tuna,Italy,Olasagasti,Yes,No,Toscana (white beans),,,Unstated,200,7.0,No,No,No,No,No,No,No,No,No,None,1,780,34
Olasagasti Lomo de atún con piperrada (Tuna Fillet with Basque Piperade),13,Olive Oil,tuna,Italy,Olasagasti,Yes,No,"Red and Yellow Pepper, Onion, Tomato",,,Unstated,190,6.67,No,No,No,No,No,Yes,No,No,No,None,1,240,10
Olasagasti Lomo de atún con pisto mediterráneo (Tuna Fillet with Mediterranean Ratatouille (Pisto)),13,Olive Oil,tuna,Italy,Olasagasti,Yes,Yes,"Eggplant, tomato, onion, olives",,,Unstated,200,7.0,No,No,No,No,No,No,No,No,No,None,1,520,23
Olasagasti Lomo de atún encebollado (Tuna Fillet with Sauteed Onion and Balsamic Vinegar),13,Olive Oil,tuna,Italy,Olasagasti,Yes,No,Onion,,,Unstated,200,7.0,No,No,No,No,No,No,No,No,No,None,1,900,39
Olasagasti Ventresca de Atun Claro (Yellowfin Tuna Belly) in Olive Oil,22,Olive Oil,tuna,Italy,Olasagasti,Yes,No,None,,,,120,4.2,No,No,No,No,No,No,No,No,No,None,2,323,14
Old Fisherman Roast Eel,3.5,Soy Sauce,eel,Taiwan,Old Fisherman,Yes,Yes,None,No,Yes,Unstated,100,3.5,No,No,No,No,No,No,No,No,No,None,2,260,11
Old Fisherman Roast Eel Black Pepper,3.5,Canola Oil,eel,Taiwan,Old Fisherman,Yes,Yes,Black Pepper,No,Yes,Unstated,100,3.5,No,No,No,No,No,No,No,No,No,None,2,210,9
Old Fisherman Roast Eel Chili,3.5,Soy Sauce,eel,Taiwan,Old Fisherman,Yes,Yes,Spiced/Spicy,No,Yes,Unstated,100,3.5,No,No,No,No,Yes,No,No,No,No,None,2,200,9
Old Fisherman Roasted Eel,3.5,Soy Sauce,eel,Taiwan,Old Fisherman,Yes,Yes,None,No,Yes,Unstated,100,3.5,No,No,No,No,No,No,No,No,No,None,2,280,12
Old Fisherman Roasted Eel with Fermented Black Beans,3.5,Soy Sauce,eel,Taiwan,Old Fisherman,Yes,Yes,Fermented Black Beans,No,Yes,Unstated,100,3.5,No,No,No,No,No,No,No,No,No,None,2,250,11
Old Fisherman Roasted Eel with Fermented Black Beans,3.5,Soy Sauce,eel,Taiwan,Old Fisherman,Yes,Yes,Fermented Black Beans,No,Yes,Unstated,100,3.5,No,No,No,No,No,No,No,No,No,None,2,250,11
Orpagu Swordfish Belly (Ventresca) in Olive Oil,22,Olive Oil,swordfish,Spain,Orpagu,Yes,No,None,,,,111,3.9,No,No,No,No,No,No,No,No,No,None,1,290,12
"Orpagu Swordfish Loin in Olive Oil, glass jar",32,Olive Oil,swordfish,Spain,Orpagu,Yes,No,None,,,,196,,No,No,No,No,No,No,No,No,No,None,2,230,10
Orpagu Tuna Belly (Ventresca) in Olive Oil,18,Olive Oil,tuna,Spain,Orpagu,Yes,No,None,,,,111,3.9,No,No,No,No,No,No,No,No,No,None,1,510,22
"Orpagu Tuna Loins in Olive Oil, glass jar",22,Olive Oil,tuna,Spain,Orpagu,Yes,No,None,,,,196,,No,No,No,No,No,No,No,No,No,None,2,210,9
"Ortiz Anchovy Fillets in Extra Virgin Olive Oil ""Antigua"" (Old Style, skin-on), jar",18,Extra Virgin Olive Oil,anchovy,Spain,Ortiz,Yes,No,None,Yes,No,Unstated,95,,No,No,No,No,No,No,No,No,Yes,None,3.5,880,37
"Ortiz Anchovy Fillets in Olive Oil, jar",19,Olive Oil,anchovy,Spain,Ortiz,Yes,No,None,Yes,Yes,Unstated,95,,No,No,No,No,No,No,No,No,No,None,3.5,830,36
"Ortiz Anchovy Fillets in Olive Oil, tin",8,Olive Oil,anchovy,Spain,Ortiz,Yes,No,None,Yes,Yes,Unstated,47.5,1.67,No,No,No,No,No,No,No,No,No,None,2,780,37
"Ortiz Bonito del Norte in Olive Oil, 112g Oval",11,Olive Oil,tuna,Spain,Ortiz,Yes,No,None,,,,112,3.95,No,No,No,No,No,No,No,No,No,None,1,280,12
"Ortiz Bonito del Norte in Olive Oil, 250g Round with Lid",23,Olive Oil,tuna,Spain,Ortiz,Yes,No,None,,,,250,8.81,No,No,No,No,No,No,No,No,No,None,3.5,360,15
"Ortiz Bonito del Norte in Olive Oil, 92g Round",7.5,Olive Oil,tuna,Spain,Ortiz,Yes,No,None,,,,92,3.24,No,No,No,No,No,No,No,No,No,None,2,200,8.3
"Ortiz Bonito del Norte in Olive Oil, Glass Jar",21,Olive Oil,tuna,Spain,Ortiz,Yes,No,None,,,,220,7.76,No,No,No,No,No,No,No,No,No,None,1,710,31
Ortiz Family Reserve Bonito del Norte in Extra Virgin Olive Oil,11,Extra Virgin Olive Oil,tuna,Spain,Ortiz,Yes,No,None,,,,112,3.95,No,No,No,No,No,No,No,No,No,None,1,280,12
"Ortiz Family Reserve Bonito del Norte in Extra Virgin Olive Oil, Glass Jar",28.5,Olive Oil,tuna,Spain,Ortiz,Yes,No,None,,,,270,9.52,No,No,No,No,No,No,No,No,No,None,4,110,4.6
"Ortiz Mackerel Fillets in Olive Oil, glass jar",18,Olive Oil,mackerel,Spain,Ortiz,Yes,No,None,Yes,Yes,Unstated,250,8.8,No,No,No,No,No,No,No,No,No,None,3,242,10.1
Ortiz Ria de Arosa Mussels in Escabeche 10/14,11,Olive Oil,mussels,Spain,Ortiz,Yes,No,Escabeche,,,10/14,115,4.06,No,No,No,No,No,No,No,No,No,None,1,640,28
Ortiz Salt-Packed Whole Anchovies,9,None,anchovy,Spain,Ortiz,Yes,No,None,No,No,Unstated,100,3.52,No,No,No,No,No,No,No,No,No,None,7,990,41
"Ortiz Sardinas a la Antigua ""Old Style"" Sardines in Extra Virgin Olive Oil, Glass Jar",12,Olive Oil,sardines,Spain,Ortiz,Yes,No,None,No,No,Unstated,190,6.7,No,No,No,No,No,No,No,No,No,None,1,480,21
"Ortiz Sardinas a la Antigua ""Old Style"" Sardines in Extra Virgin Olive Oil, tin",8,Olive Oil,sardines,Spain,Ortiz,Yes,No,None,No,No,Unstated,140,4.93,No,No,No,No,No,No,No,No,No,None,1,340,15
Ortiz Sweet Piquillo Peppers stuffed with White Tuna (Bonito del Norte),14,None,tuna,Spain,Ortiz,Yes,Yes,Tomato,,,Unstated,300,10.58,No,No,No,No,No,Yes,Yes,Yes,No,None,4,382,16
Ortiz Ventresca of Bonito del Norte,26.5,Olive Oil,tuna,Spain,Ortiz,Yes,No,None,,,,110,3.88,No,No,No,No,No,No,No,No,No,None,2,357,15
"Ortiz White Tuna in Olive Oil with Espelette Pepper, glass jar",22.5,Olive Oil,tuna,Spain,Ortiz,Yes,No,Piment d'Espelette,,,Unstated,220,7.76,No,No,No,No,No,No,No,No,No,None,3,112,5
"Ortiz Yellowfin Tuna in Olive Oil, glass jar",19,Olive Oil,tuna,Spain,Ortiz,Yes,No,None,,,,220,7.76,No,No,No,No,No,No,No,No,No,None,2.5,240,10
Ortiz Yellowfin Tuna in Organic Extra Virgin Olive Oil,7.5,"Extra Virgin Olive Oil, Organic",tuna,Spain,Ortiz,Yes,No,None,,,,112,3.95,No,No,No,No,No,No,No,No,Yes,None,2,368,15
Paco Lafuente Cockles in Brine 35/45,15,Water,cockles,Spain,Paco Lafuente,Yes,No,Brine,,,35/45,115,4.0,No,No,No,No,No,No,No,No,No,None,1,318,13
Paco Lafuente Garfish (Needlefish) in Olive Oil 5/6,9,Olive Oil,garfish,Spain,Paco Lafuente,Yes,No,None,No,No,5/6,115,4.0,No,No,No,No,No,No,No,No,No,None,1,150,7
Paco Lafuente Mussels in Escabeche 12/14,8.5,Olive Oil,mussels,Spain,Paco Lafuente,Yes,No,Escabeche,,,12/14,115,4.0,No,No,No,No,No,No,No,No,No,None,1,522,23
Paco Lafuente Small Sardines in Olive Oil 16/18,10,Olive Oil,sardines,Spain ,Paco Lafuente,Yes,No,None,No,No,16/18,115,4.0,No,No,No,No,No,No,No,No,No,None,1,275,12
Patagonia Provisions Spicy Mussels,8,"Broth, Extra Virgin Olive Oil",mussels,Spain,Patagonia,Yes,No,Spicy,,,Unstated,120,4.2,No,No,No,No,Yes,No,No,No,No,None,1,510,22
Patagonia Provisions Spicy White Anchovies in Extra Virgin Olive Oil,8,Extra Virgin Olive Oil,anchovy,Spain,Patagonia,Yes,No,Spicy,No,No,Unstated,120,4.2,No,No,No,No,Yes,No,No,No,No,None,1,300,13
Patagonia Provisions Lemon Caper Mackerel,8,"Extra Virgin Olive Oil, Organic",mackerel,Spain,Patagonia,Yes,No,"Lemon, Capers",Yes,Yes,Unstated,120,4.2,No,No,Yes,No,No,No,No,No,Yes,None,1,690,30
Patagonia Provisions Lemon Herb Mussels,8,"Extra Virgin Olive Oil, Organic",mussels,Spain,Patagonia,No,No,"Mussel Broth, Lemon, Garlic",,,Unstated,120,4.2,No,No,Yes,Yes,No,No,No,No,Yes,None,1,700,30
Patagonia Provisions Lemon Olive Spanish White Anchovies,8,"Extra Virgin Olive Oil, Organic",anchovy,Spain,Patagonia,Yes,No,"Green Olives, Lemon",No,No,Unstated,120,4.0,No,No,Yes,No,No,No,No,No,Yes,None,1,250,11
Patagonia Provisions Roasted Garlic Mackerel,8,"Extra Virgin Olive Oil, Organic",mackerel,Spain,Patagonia,Yes,No,"Garlic, Chili",Yes,Yes,Unstated,120,4.2,No,No,No,Yes,Yes,No,No,No,Yes,None,1,560,24
Patagonia Provisions Roasted Garlic Spanish White Anchovies,8,"Extra Virgin Olive Oil, Organic",anchovy,Spain,Patagonia,Yes,No,"Garlic, Roasted",No,No,Unstated,120,4.0,No,No,No,Yes,Yes,No,No,No,Yes,None,1,360,16
Patagonia Provisions Savory Sofrito Mussels,8,"Extra Virgin Olive Oil, Organic",mussels,Spain,Patagonia,No,No,Mussel Broth,,,Unstated,120,4.2,No,No,No,No,No,No,No,No,Yes,None,1,560,24
Patagonia Provisions Smoked Mackerel in Olive Oil,8,"Extra Virgin Olive Oil, Organic",mackerel,Spain,Patagonia,Yes,No,None,Yes,Yes,Unstated,120,4.2,Yes,No,No,No,No,No,No,No,No,None,2,310,13
Patagonia Provisions Smoked Mussels,8,"Extra Virgin Olive Oil, Organic",mussels,Spain,Patagonia,No,No,Mussel Broth,,,Unstated,120,4.2,Yes,No,No,No,No,No,No,No,Yes,None,2,420,18
Patagonia Provisions Spanish Paprika Mackerel,8,"Extra Virgin Olive Oil, Organic",mackerel,Spain,Patagonia,Yes,No,Paprika,Yes,Yes,Unstated,120,4.2,No,No,No,Yes,No,No,No,No,Yes,None,1,320,14
"Patagonia Provisions Wild Pink Salmon, Black Pepper",16,"Extra Virgin Olive Oil, Organic",salmon,USA,Patagonia,Yes,Yes,None,Yes,No,2,227,8.0,Yes,No,No,No,No,No,No,No,Yes,Square-K,4,400,17
"Patagonia Provisions Wild Sockeye Salmon, Lemon Pepper",16,"Extra Virgin Olive Oil, Organic",salmon,USA,Patagonia,Yes,Yes,"Lemon, Pepper",Yes,No,1,170,6.0,Yes,No,Yes,Yes,No,No,No,No,Yes,Square-K,3,380,17
"Patagonia Provisions Wild Sockeye Salmon, Lightly Smoked (Original)",16,"Extra Virgin Olive Oil, Organic",salmon,USA,Patagonia,Yes,Yes,None,Yes,No,1,170,6.0,Yes,No,No,No,No,No,No,No,Yes,Square-K,3,430,19
Pearl River Bridge Fried Dace,6,Refined Soybean Oil,dace,China,Pearl River Bridge,Yes,Yes,"Spices, soy sauce",,,,180,6.3,No,No,Yes,No,No,No,No,Yes,No,None,3.5,320,14
Pearl River Bridge Fried Dace with Black Bean,6,Refined Soybean Oil,dace,China,Pearl River Bridge,Yes,Yes,"Black beans, soy sauce, spices",,,,180,6.3,No,No,Yes,No,No,No,No,Yes,No,None,3.5,570,25
Pepus Baby Sardines in Spicy Olive Oil,7.5,Olive Oil,sardines,Spain,Pepus,Yes,No,Spiced/Spicy,No,No,10/12,115,4.05,No,No,No,No,Yes,No,No,No,No,None,1,212,9
Pepus Stuffed Baby Squid in Ink,11.5,Sunflower Oil,squid,Spain,Pepus,Yes,No,Ink,,,Unstated,115,4.0,No,No,No,No,No,No,No,No,No,None,1,310,13
Pepus White Tuna (Albacore) in Olive Oil,10.75,Olive Oil,tuna,Spain,Pepus,Yes,No,None,,,,111,4.0,No,No,No,No,No,No,No,No,No,None,1,280,12
Pepus Baby Sardines in Vegetable Oil 10/12,7.5,Vegetable Oil,sardines,Spain,Pepus,Yes,No,None,No,No,10/12,115,4.05,No,No,No,No,No,No,No,No,No,None,1,212,9
Pinhais Sardines in Olive Oil,9.5,Olive Oil,sardines,Portugal,Pinhais,Yes,No,None,No,No,Unstated,125,4.4,No,No,No,No,No,No,No,No,No,None,1,500,22
Pinhais Sardines in Tomato Sauce,9.5,Olive Oil,sardines,Portugal,Pinhais,Yes,No,Tomato,No,No,Unstated,125,4.4,No,No,No,No,No,Yes,No,No,No,None,1,500,22
Pinhais Spiced Sardines in Olive Oil,9.5,Olive Oil,sardines,Portugal,Pinhais,Yes,No,"Chili pepper, cucumber, carrot",No,No,Unstated,125,4.4,No,No,No,No,Yes,No,No,No,No,None,1,500,22
Pinhais Spiced Sardines in Tomato Sauce,9.5,Olive Oil,sardines,Portugal,Pinhais,Yes,No,"Tomato, bay laurel, cucumber, carrot, chili",No,No,Unstated,125,4.4,No,No,No,No,Yes,Yes,No,No,No,None,1,500,22
Pollastrini di Anzio Anchovy Fillets in Olive Oil,11,Olive Oil,anchovy,Italy,Pollastrini,Yes,No,None,No,No,Unstated,100,3.5,No,No,No,No,No,No,No,No,No,None,2,620,36
Pollastrini di Anzio Millesimate (Vintage) 2020 Sardines in Olive Oil,11,Olive Oil,sardines,Italy,Pollastrini,Yes,No,None,No,No,Unstated,100,3.5,No,No,No,No,No,No,No,No,No,None,2,260,11
Pollastrini di Anzio Millesimate (Vintage) 2020 Spiced Sardines in Olive Oil,11,Olive Oil,sardines,Italy,Pollastrini,Yes,No,Spiced/Spicy,No,No,Unstated,100,3.5,No,No,No,No,Yes,No,No,No,No,None,2,260,11
Pollastrini di Anzio Sardines in Olive Oil 4/6,7,Olive OIl,sardines,Italy,Pollastrini,Yes,No,None,No,No,Unstated,100,3.5,No,No,No,No,No,No,No,No,No,None,2,260,11
Pollastrini di Anzio Sardines in Tomato Sauce with Hot Pepper 4/6,7,Olive OIl,sardines,Italy,Pollastrini,Yes,No,Tomato,No,No,Unstated,100,3.5,No,No,No,No,Yes,Yes,No,No,No,None,2,240,10
Pollastrini di Anzio Sardines with Tomato Sauce 4/6,7,Olive Oil,sardines,Italy,Pollastrini,Yes,No,Tomato,No,No,Unstated,100,3.5,No,No,No,No,No,Yes,No,No,No,None,2,240,10
Pollastrini di Anzio Spiced Sardines in Olive Oil 4/6,7.5,Olive Oil,sardines,Italy,Pollastrini,Yes,No,Spiced/Spicy,No,No,Unstated,100,3.5,No,No,No,No,Yes,No,No,No,No,None,2,260,11
Pollastrini di Anzio Spicy Anchovy Fillets in Olive Oil,11.5,Olive Oil,anchovy,Italy,Pollastrini,Yes,No,Red Pepper,No,No,Unstated,100,3.5,No,No,No,No,Yes,No,No,No,No,None,2,620,36
Porthos Smoked Tuna Fillets in Extra Virgin Olive Oil,14,Extra Virgin Olive Oil,tuna,Portugal,Porthos,Yes,No,None,Yes,Yes,,105,3.7,Yes,No,No,No,No,No,No,No,No,None,,,
Porthos Smoked Mackerel Fillets in Extra Virgin Olive Oill,11,Extra Virgin Olive Oil,mackerel,Portugal,Porthos,Yes,No,None,Yes,,,105,3.7,Yes,No,No,No,No,No,No,No,No,None,,,
Porthos Smoked Boneless Sardines in Extra Virgin Olive Oil,12.5,Extra Virgin Olive Oil,sardines,Portugal,Porthos,Yes,No,None,Yes,Yes,Unstated,105,3.7,Yes,No,No,No,No,No,No,No,No,None,,,
Porthos Smoked Trout in Extra Virgin Olive Oil,13.5,Extra Virgin Olive OIl,trout,Portugal,Porthos,Yes,No,None,Yes,,,105,3.7,Yes,No,No,No,No,No,No,No,No,None,,,
Porthos Smoked Salmon in Extra Virgin Olive Oil,13.5,Extra Virgin Olive Oil,salmon,Portugal,Porthos,Yes,No,None,Yes,,,105,3.7,Yes,No,No,No,No,No,No,No,No,None,,,
Porthos Sardines in Hot Tomato Sauce 3/5,7,Sunflower Oil,sardines,Portugal,Porthos,Yes,No,Tomato,No,No,3/5,125,4.4,No,No,No,No,Yes,Yes,No,No,No,None,1,280,12
Porthos Sardines in Hot Vegetable Oil 3/5,7,Sunflower Oil,sardines,Portugal,Porthos,Yes,No,Spiced/Spicy,No,No,3/5,125,4.4,No,No,No,No,Yes,No,No,No,No,None,1,340,14
Porthos Sardines in Olive Oil 3/5,7,Olive Oil,sardines,Portugal,Porthos,Yes,No,None,No,No,3/5,125,4.4,No,No,No,No,No,No,No,No,No,None,1,340,15
Porthos Sardines in Teriyaki Sauce 3/5,7,None,sardines,Portugal,Porthos,Yes,Yes,Teriyaki,No,No,3/5,125,4.4,No,No,No,No,No,No,No,Yes,No,None,1,730,30
Porthos Sardines in Tomato Sauce 3/5,7,Sunflower Oil,sardines,Portugal,Porthos,Yes,No,Tomato,No,No,3/5,125,4.4,No,No,No,No,No,Yes,No,No,No,None,1,280,12
Porthos Spiced Sardines in Olive Oil 3/5,7,Olive Oil,sardines,Portugal,Porthos,Yes,No,"Spiced/Spicy, Chili Pepper, Cucumber, Carrot",No,No,Unstated,125,4.4,No,No,No,No,Yes,No,No,No,No,None,1,340,15
Porto-Muiños Mussels with Sweet Kombu in Salsa Brava,16,Extra Virgin Olive Oil,mussels,Spain,Porto-Muiños ,Yes,No,"Salsa Brava, Kombu",,,Unstated,120,4.2,No,No,No,No,Yes,Yes,No,No,No,None,1,920,40
Porto-Muiños Razor Clams with Sea Spaghetti and Garlic,22,Extra Virgin Olive Oil,razor clam,Spain,Porto-Muiños ,Yes,No,"Garlic, Sea Spaghetti",,,Unstated,90,3.2,No,No,No,Yes,No,No,No,No,No,None,1,330,14
Portomar Smoked Mussels in Olive Oil 8/12,11.5,Olive Oil,mussels,Spain,Porthomar,Yes,No,Smoke flavor,,,8/12,115,4.0,Yes,No,No,No,No,No,No,No,No,None,1,230,10
Portomar Small Sardines in Olive Oil 10/14,7.5,Olive Oil,sardines,Spain,Portomar,Yes,No,None,No,No,10/14,115,4.0,No,No,No,No,No,No,No,No,No,None,1,330,14
Portomar Cockles in Brine 50/60,14.5,Water,cockles,Spain,Portomar,Yes,No,None,,,50-60,111,3.9,No,No,No,No,No,No,No,No,No,None,1,390,16
Portomar Mussels in Escabeche 8/12,8,Olive Oil,mussels,Spain,Portomar,Yes,No,Escabeche,,,8/12,111,3.9,No,No,No,No,No,No,No,No,No,None,1,296,12
Portomar Octopus in Olive Oil,12,Olive Oil,octopus,Spain,Portomar,Yes,No,None,,,Unstated,111,3.9,No,No,No,No,No,No,No,No,No,None,1,440,18
Portomar Razor Clams in Brine 4/6,19,Water,razor clam,Spain,Portomar,Yes,No,None,,,4/6,111,3.9,No,No,No,No,No,No,No,No,No,None,1,270,11
Portomar Stuffed Baby Squid in American Sauce,10,Sunflower Oil,squid,Spain,Portomar,Yes,No,Tomato,,,Unstated,115,4.0,No,No,No,No,No,Yes,No,No,No,None,1,360,15
Premium Food L Armenia Trout in Water,8,Water,trout,Armenia,Eco Food Armenia,Yes,No,None,,,Unstated,240,8.46,No,No,No,No,No,No,No,No,No,None,?,?,
PYSCIS Conserves Blue Mussels with Garlic and Chili 12/16,25,Olive Oil,mussels,Spain,PYSCIS,Yes,No,"Chili, Garlic",,,,110,,No,No,No,Yes,Yes,No,No,No,No,None,,,
"PYSCIS Conserves Razor Clams in Olive Oil 6/8, 2021",36,Olive Oil,razor clam,Spain,PYSCIS,Yes,No,None,,,6/8,110,4.0,No,No,No,No,No,No,No,No,No,None,,,
"PYSCIS Conserves Sardines Royale 10/15, 2018",25,Olive Oil,sardines,Spain,PYSCIS,Yes,No,None,No,No,10/15,120,4.2,No,No,No,No,No,No,No,No,No,None,,,
PYSCIS Conserves Smoked Baltic Gold Sprats,24.5,Rapeseed Oil,sprats,Spain,PYSCIS,Yes,No,Mustard,No,No,Unstated,160,,Yes,No,No,No,No,No,No,No,No,None,,,
"PYSCIS Conserves Young Bullet Tuna Filets in Olive Oil, 2021",26,Olive Oil,tuna,Spain,PYSCIS,Yes,No,None,,,,120,4.2,No,No,No,No,No,No,No,No,No,None,,,
"Ramón Peña Boneless & Skinless Sardine Fillets in Olive Oil, Gold Line",24,Olive Oil,sardines,Spain,Ramón Peña,Yes,No,None,Yes,Yes,Unstated,130,4.6,No,No,No,No,No,No,No,No,No,None,2,180,8
"Ramón Peña Bonito Del Norte (Albacore) in Olive Oil, Silver Line",10.75,Olive Oil,tuna,Spain,Ramón Peña,Yes,No,None,,,,115,4.0,No,No,No,No,No,No,No,No,No,None,2,530,22
"Ramón Peña Clams in Brine 18/20, Gold Line",47.5,Water,clams,Spain,Ramón Peña,Yes,No,None,,,18/20,111,4.0,No,No,No,No,No,No,No,No,No,None,?,?,?
"Ramón Peña Cockles in Brine, 30/35 (Big), Gold Line",36,None,cockles,Spain,Ramón Peña,Yes,No,None,,,Unstated,113,4.0,No,No,No,No,No,No,No,No,No,None,2,280,12
"Ramón Peña Fried Small Sardines Stewed in Sauce (Fritas Guisadas ""Xoubas""), Gold Line",11,Olive Oil,sardines,Spain,Ramón Peña,Yes,No,"Tomato, Onion, Red Pepper",No,No,Unstated,130,4.6,No,No,No,No,No,Yes,No,Yes,No,None,2,320,13
"Ramón Peña Garfish in Olive Oil, Gold Line",16,Olive Oil,garfish,Spain,Ramón Peña,Yes,No,None,No,No,Unstated,130,4.6,No,No,No,No,No,No,No,No,No,None,2,180,7
Ramón Peña Mackerel Fillets in Olive Oil,9.5,Olive Oil,mackerel,Spain,Ramón Peña,Yes,No,None,Yes,Yes,Unstated,115,4.0,No,No,No,No,No,No,No,No,No,None,1,267,12
"Ramón Peña Mackerel Fillets in Smoked Olive Oil, Silver Line",10,Olive Oil,mackerel,Spain,Ramón Peña,Yes,No,None,Yes,Yes,Unstated,115,4.0,Yes,No,No,No,No,No,No,No,No,None,1,180,8
"Ramón Peña Mackerel Fillets with Lemon, Silver Line",10,Olive Oil,mackerel,Spain,Ramón Peña,Yes,No,Lemon,Yes,Yes,Unstated,115,4.0,No,No,Yes,No,No,No,No,No,No,None,1,221,9
"Ramón Peña Mussels in Escabeche (Small) 16/20, Silver Line",9.5,Sunflower Oil,mussels,Spain,Ramón Peña,Yes,No,Escabeche,,,16/20,110,3.9,No,No,No,No,No,No,No,No,No,None,2,310,13
"Ramón Peña Mussels in Escabeche 8/12, Silver Line",11,Sunflower Oil,mussels,Spain,Ramón Peña,Yes,No,Escabeche,,,8/12,110,3.9,No,No,No,No,No,No,No,No,No,None,2,310,13
"Ramón Peña Mussels in Pickled Sauce 8/10, Gold Line",15.5,Olive Oil,mussels,Spain,Ramón Peña,Yes,No,Escabeche,,,8/10,138,4.9,No,No,No,No,No,No,No,?,No,None,?,?,?
"Ramón Peña Octopus in Olive Oil, Gold Line",38,Olive Oil,octopus,Spain,Ramón Peña,Yes,No,None,,,Unstated,130,4.6,No,No,No,No,No,No,No,No,No,None,2,270,11
"Ramón Peña Octopus in Paprika Sauce, Gold Line",38,Olive Oil,octopus,Spain,Ramón Peña,Yes,No,Paprika,,,Unstated,130,4.6,No,No,No,No,No,No,No,No,No,None,2,180,7
"Ramón Peña Octopus in Paprika Sauce, Silver Line",27.5,Olive Oil,octopus,Spain,Ramón Peña,Yes,No,Paprika,,,Unstated,110,3.9,No,No,No,No,No,No,No,No,No,None,2,180,7
"Ramón Peña Razorshells (Navajas) in Brine 4/6, Gold Line",25,Water,razor clam,Spain,Ramón Peña,Yes,No,None,,,4/6,115,4.0,No,No,No,No,No,No,No,No,No,None,2,115,5
"Ramón Peña Razorshells (Navajas) in Brine 6/8, Silver Line",22.5,Water,razor clam,Spain,Ramón Peña,Yes,No,None,,,6/8,115,4.0,No,No,No,No,No,No,No,No,No,None,2,115,5
"Ramón Peña Sardines in Olive Oil 25/30, Gold Line",14.5,Olive Oil,sardines,Spain,Ramón Peña,Yes,No,None,No,No,25/30,130,4.6,No,No,No,No,No,No,No,No,No,None,2,180,8
"Ramón Peña Sardines in Spicy Olive Oil 20/25, Gold Line",12,Olive Oil,sardines,Spain,Ramón Peña,Yes,No,Spicy,No,No,20/25,130,4.6,No,No,No,No,Yes,No,No,No,No,None,2,340,14
"Ramón Peña Sardines in Olive Oil 3/5, Silver Line",7.5,Olive Oil,sardines,Spain,Ramón Peña,Yes,No,None,No,No,3/5,115,4.0,No,No,No,No,No,No,No,No,No,None,2,120,5
"Ramón Peña Sardines in Olive Oil 30/35, Gold Line, Especial Aniversario",15,Olive Oil,sardines,Spain,Ramón Peña,Yes,No,None,No,No,30/35,130,4.6,No,No,No,No,No,No,No,No,No,None,2,180,8
"Ramón Peña Sardines in Sauce (Sardinas Guisadas) ""Xoubas"", Silver Line",10,Olive Oil,sardines,Spain,Ramón Peña,Yes,No,"Tomato, Onion, Red Pepper",No,No,Unstated,115,4.0,No,No,No,No,No,Yes,No,Yes,No,None,2,320,13
"Ramón Peña Small Atlantic Horse Mackerel in Olive Oil, Gold Line",12.5,Olive Oil,mackerel,Spain,Ramón Peña,Yes,No,None,No,No,Unstated,130,4.6,No,No,No,No,No,No,No,No,No,None,3,320,13
"Ramón Peña Small Sardines in Olive Oil 40/50, Large Format",22,Olive Oil,sardines,Spain,Ramón Peña,Yes,No,None,No,No,40/50,265,9.35,No,No,No,No,No,No,No,No,No,None,2,180,8
"Ramón Peña Small Sardines in Olive Oil with Padrón Pepper, Gold Line",14,Olive Oil,sardines,Spain,Ramón Peña,Yes,No,Padrón pepper,No,No,Unstated,130,4.6,No,No,No,No,Yes,No,No,No,No,None,2,260,11
"Ramón Peña Small Sardines in Spicy Olive Oil 12/16, Silver Line",8,Olive Oil,sardines,Spain,Ramón Peña,Yes,No,Spiced/Spicy,No,No,12/16,115,4.1,No,No,No,No,Yes,No,No,No,No,None,2,340,14
"Ramón Peña Spicy Mussels with Garlic and Chilli Pepper 16/20, Silver Line",10,"Olive Oil,  Sunflower Oil",mussels,Spain,Ramón Peña,Yes,No,Spiced/Spicy,,,16/20,110,3.9,No,No,No,Yes,Yes,No,No,No,No,None,2,260,11
"Ramón Peña Squids in Olive Oil, Gold Line",14.25,Olive Oil,squid,Spain,Ramón Peña,Yes,No,None,,,Unstated,130,4.6,No,No,No,No,No,No,No,No,No,None,2,160,7
"Ramón Peña Stuffed Squid in Ink Sauce 6/8, Gold Line",14,Olive Oil,squid,Spain,Ramón Peña,Yes,No,Ink,,,6/8,138,4.9,No,No,No,No,No,No,No,No,No,None,2,190,8
"Ramón Peña Yellowfin Tuna in Olive Oil, Silver Line",7.25,Olive Oil,tuna,Spain,Ramón Peña,Yes,No,None,,,,110,3.9,No,No,No,No,No,No,No,No,No,None,2,130,6
"Ramón Peña Yellowfin Tuna Ventresca in Olive Oil, Silver Line",14.5,Olive Oil,tuna,Spain,Ramón Peña,Yes,No,None,,,,110,3.9,No,No,No,No,No,No,No,No,No,None,2,190,8
"Ramón Peña Zamburiñas Guisadas (Small Scallops in Sauce), Gold Line",18.5,Olive Oil,scallops,Spain,Ramón Peña,Yes,No,"Tomato, Onion, Red Pepper",,,Unstated,110,4.0,No,No,No,No,No,Yes,No,No,No,None,?,1100,?
"Ramón Peña Zamburiñas Guisadas (Small Scallops in Sauce), Silver Line",16.5,Olive Oil,scallops,Spain,Ramón Peña,Yes,No,"Tomato, Onion, Red Pepper",,,Unstated,110,4.0,No,No,No,No,No,Yes,No,No,No,None,2,180,7
Real Conservera Clams in Brine 12+,70,Water,clams,Spain,Real Conservera,Yes,No,"onion, lemon, salt and bay leaf",,,Unstated,85,,No,No,No,No,No,No,No,No,No,None,,,
Real Conservera Cockles in Brine,55,Brine,cockles,Spain,Real Conservera,Yes,No,"Lemon, bay, onion",,,Unstated,85,3.82,No,No,No,No,No,No,No,No,No,None,1,,
Real Conservera Garfish in Olive Oil,21,Olive Oil,garfish,Spain,Real Conservera,Yes,No,None,No,No,Unstated,112,3.95,No,No,No,No,No,No,No,No,No,None,,,
Real Conservera Mussels in Escabeche 5/7,27,Olive Oil,mussels,Spain,Real Conservera,No,No,Escabeche,,,5/7,115,4.06,No,No,No,No,No,No,No,No,No,None,?,1100,?
"Real Conservera Mussels in Escabeche 7/9, Grandes",23,Olive Oil,mussels,Spain,Real Conservera,Yes,No,Escabeche,,,7/9,112,3.95,No,Fried,No,Yes,No,No,No,No,No,None,1,,
Real Conservera Portuguese Style Cod,36,Olive Oil,cod,Spain,Real Conservera,Yes,No,"potato, white wine, rice flour, pitted black olives, salt, parsley and white pepper",Yes,Yes,,,5.29,No,No,No,No,No,No,No,No,No,None,,,
Real Conservera Sardines in Olive Oil 3/4,15,Olive Oil,sardines,Spain,Real Conservera,Yes,No,None,No,No,3/4,120,4.2,No,No,No,No,No,No,No,No,No,None,?,< 1g,?
Real Conservera Sardinillas in Olive Oil with Lemon 10/14,19,Olive Oil,sardines,Spain,Real Conservera,Yes,No,Lemon,No,No,10/14,112,4.0,No,No,Yes,No,No,No,No,No,No,None,?,1500,?
Real Conservera Sea Urchin Roes in Brine,116,Brine,urchin,Spain,Real Conservera,Yes,No,None,,,Unstated,85,2.99,No,No,No,No,No,No,No,No,No,None,1,,
Real Conservera Selección 1920 Atún Claro (Yellowfin tuna) in Olive Oil,10,Olive Oil,tuna,Spain,Real Conservera,Yes,No,None,Yes,Yes,Unstated,110,4.0,No,No,No,No,No,No,No,No,No,None,1,,
Real Conservera Selección 1920 Atún Claro (Yellowfin tuna) Ventresca Pieces in Olive Oil with Curry,16.5,Sunflower Oil,tuna,Spain,Real Conservera,Yes,No,"onion, curry sauce (mustard), spices",,,,115,4.06,No,No,No,No,No,No,No,No,No,None,,,
Real Conservera Selección 1920 Clams in Brine,15.5,Brine,clams,Spain,Real Conservera,Yes,No,"Lemon, bay, onion",,,Unstated,115,4.06,No,No,No,No,No,No,No,No,No,None,1,,
Real Conservera Selección 1920 Cockles in Brine 30/40,27.5,Brine,cockles,Spain,Real Conservera,Yes,No,"Lemon, bay, onion",,,30/40,111,3.9,No,No,No,No,No,No,No,No,No,None,1,,
Real Conservera Selección 1920 Cockles in Brine 40/50,21.5,Brine,cockles,Spain,Real Conservera,Yes,No,"Lemon, bay, onion",,,40/50,111,3.9,No,No,No,No,No,No,No,No,No,None,1,,
Real Conservera Selección 1920 Mussels in Escabeche 12/16,13,Escabeche,mussels,Spain,Real Conservera,Yes,No,Escabeche,,,12/16,115,4.06,No,No,No,Yes,No,No,No,No,No,None,1,,
Real Conservera Selección 1920 Mussels in Escabeche 9/12,19,Olive Oil,mussels,Spain,Real Conservera,No,No,Escabeche,,,6/12,112,4.0,No,No,No,No,No,No,No,No,No,None,?,1100,?
Real Conservera Selección 1920 Razor Clams in Brine,26,Brine,razor clam,Spain,Real Conservera,Yes,No,"lemon, bay leaf, onion",,,Unstated,120,4.2,No,No,No,No,No,No,No,No,No,None,,,
Real Conservera Selección 1920 Sardines in Olive Oil,8.75,Olive OIl,sardines,Spain,Real Conservera,Yes,No,None,No,No,Unstated,120,4.2,No,No,No,No,No,No,No,No,No,None,1,,
Real Conservera Selección 1920 Small Sardines (Sardinillas) in Olive Oil,11,Olive Oil,sardines,Spain,Real Conservera,Yes,No,None,No,No,Unstated,112,4.0,No,No,No,No,No,No,No,No,No,None,1,,
Real Conservera Selección 1920 Small Sardines (Sardinillas) in Olive Oil 12/16,13.5,Olive Oil,sardines,Spain,Real Conservera,Yes,No,None,No,No,12/16,120,4.2,No,No,No,No,No,No,No,No,No,None,1,,
Real Conservera Selección 1920 Small Sardines (Sardinillas) in Spicy Olive Oil,12.5,Olive Oil,sardines,Spain,Real Conservera,Yes,No,hot pepper,No,No,Unstated,112,3.95,No,No,No,No,Yes,No,No,No,No,None,,,
Real Conservera Selección 1920 Ventresca de Atún Claro (Yellowfin Belly) in Olive Oil,15,Olive Oil,tuna,Spain,Real Conservera,Yes,No,None,Yes,Yes,Unstated,115,4.06,No,No,No,No,No,No,No,No,No,None,1,,
Real Conservera Small Sardines (Sardinillas) in Olive Oil (Limited Edition),28,Olive Oil,sardines,Spain,Real Conservera,Yes,No,None,No,No,18/22,112,3.95,No,No,No,No,No,No,No,No,No,None,?,1500,?
Real Conservera Small Sardines (Sardinillas) in Olive Oil 10/14,24,Olive OIl,sardines,Spain,Real Conservera,Yes,No,None,No,No,10/14,112,3.95,No,No,No,No,No,No,No,No,No,None,?,1500,?
Real Conservera Small Sardines (Sardinillas) in Spicy Olive Oil 10/14,24,Olive Oil,sardines,Spain,Real Conservera,Yes,No,Spiced/Spicy,No,No,10/14,112,3.95,No,No,No,No,Yes,No,No,No,No,None,?,1500,?
Real Conservera Small Whole Mackerel (Caballitas) in Olive Oil,23,Olive Oil,mackerel,Spain,Real Conservera,Yes,No,None,No,No,Unstated,130,4.6,No,No,No,No,No,No,No,No,No,None,?,< 1g,?
Real Conservera Spicy Hake Roe Medallions in Olive Oil,28,Olive Oil,hake,Spain,Real Conservera,Yes,No,Spiced/Spicy,,,Unstated,130,4.6,No,No,No,No,Yes,No,No,No,No,None,?,< 1g,?
Real Conservera Spicy Hake Roe Pâté,25,Olive Oil,hake,Spain,Real Conservera,Yes,No,Spicy Olive Oil,,,Unstated,140,4.93,No,No,No,Yes,Yes,No,No,No,No,None,1,,
Real Conservera Stuffed Squid in Ink,51,Olive Oil,squid,Spain,Real Conservera,Yes,No,"onion, pepper, tomato, wine (sulfites), salt, cephalopod ink, rice flour, paprika, and spicy paprika.",,,Unstated,130,4.6,No,No,No,No,No,No,No,No,No,None,?,,
Real Conservera Stuffed Squid in Olive Oil,45,Olive Oil,squid,Spain,Real Conservera,Yes,No,None,,,Unstated,130,4.6,No,No,No,No,No,No,No,No,No,None,?,< 1g,?
Real Conservera Variegated Scallop (Zamburiñas) in Natural Broth,58,Water,scallops,Spain,Real Conservera,Yes,No,"Onion, Lemon, Bay",,,Unstated,130,4.6,No,No,Yes,No,No,No,No,No,No,None,?,< 1g,?
Real Conservera Ventresca of Yellowfin Tuna,20,Olive Oil,tuna,Spain,Real Conservera,Yes,No,None,,,Unstated,112,3.95,No,No,No,No,No,No,No,No,No,None,1,,
Riga Gold Cod Liver,4.5,None,cod,Latvia,Riga Gold,?,?,?,,,,120,4.2,No,No,No,No,No,No,No,No,No,None,?,?,?
"Riga Gold Smoked Sprats in Oil 10/12, 160g",3.5,Rapeseed Oil,sprats,Latvia,Riga Gold,Yes,No,None,No,No,Unstated,160,5.64,Yes,No,No,No,No,No,No,No,No,OU,2,320,14
"Riga Gold Smoked Sprats in Oil 9/11, 240g",4.5,Rapeseed Oil,sprats,Latvia,Riga Gold,Yes,No,None,No,No,Unstated,240,8.47,Yes,No,No,No,No,No,No,No,No,OU,3,320,14
Rizzoli Anchovy Fillets in Extra Virgin Olive Oil,10.5,Extra Virgin Olive Oil,anchovy,Italy,Rizzoli,Yes,No,None,Yes,Yes,Unstated,90,3.17,No,No,No,No,No,No,No,No,No,None,3,852,37
Rizzoli Anchovy Fillets in Spicy Sauce,9.5,Extra Virgin Olive Oil,anchovy,Italy,Rizzoli,Yes,Yes,"Mustard, spices, tuna, vinegar",Yes,Yes,Unstated,90,3.17,No,No,No,No,No,No,No,No,No,None,6,480,21
Rizzoli Anchovy Paste,5,Olive Oil,anchovy,Italy,Rizzoli,Yes,No,None,Yes,Yes,,60,2.12,No,No,No,No,No,No,No,No,No,None,4,1040,45
Rügen Fisch Herring Fillets in Dill-Herb Sauce,4,Canola Oil,herring,Germany,Rügen Fisch,Yes,Yes,Dill Cream,Yes,Yes,Unstated,200,7.05,No,No,No,No,No,No,Yes,No,No,None,2,400,17
Rügen Fisch Herring Fillets in Horseradish Sauce,4,Rapeseed Oil,herring,Germany,Rügen Fisch,Yes,Yes,Horseradish,Yes,Yes,Unstated,200,7.05,No,No,No,No,No,No,Yes,No,No,None,2,300,13
Rügen Fisch Herring Fillets in Hot Tomato Sauce,4,Rapeseed Oil,herring,Germany,Rügen Fisch,Yes,Yes,Tomato,Yes,No,Unstated,200,7.05,No,No,No,No,Yes,Yes,No,No,No,None,2,290,13
Rügen Fisch Herring Fillets in Mushroom Sauce,4,Rapeseed Oil,herring,Germany,Rügen Fisch,Yes,Yes,Mushroom,Yes,Yes,Unstated,200,7.05,No,No,No,No,No,No,Yes,Yes,No,None,2,380,17
Rügen Fisch Herring Fillets in Mustard Sauce,4,Rapeseed Oil,herring,Germany,Rügen Fisch,Yes,Yes,Mustard,Yes,Yes,Unstated,200,7.05,No,No,No,No,No,No,No,No,No,None,2,520,23
Rügen Fisch Herring Fillets in Paprika Sauce,4,Rapeseed Oil,herring,Germany,Rügen Fisch,Yes,Yes,Tomato,Yes,Yes,Unstated,200,7.05,No,No,No,No,No,Yes,Yes,Yes,No,None,2,400,17
Rügen Fisch Herring Fillets in Tomato Sauce,4,Rapeseed Oil,herring,Germany,Rügen Fisch,Yes,Yes,Tomato,Yes,Yes,Unstated,200,7.05,No,No,No,No,No,Yes,No,No,No,None,2,290,13
Rügen Fisch Herring Fillets in White Wine Sauce,4,Rapeseed Oil,herring,Germany,Rügen Fisch,Yes,Yes,White Wine,Yes,Yes,Unstated,200,7.05,No,No,No,No,No,No,Yes,Yes,No,None,2,400,17
Rügen Fisch Kipper Snacks,4,Water,herring,Germany,Rügen Fisch,Yes,Yes,None,Yes,,,100,3.53,Yes,No,No,No,No,No,No,No,No,None,1,210,9
Rügen Fisch Mackerel Fillets in Tomato Sauce,5,Rapeseed Oil,mackerel,Germany,Rügen Fisch,Yes,Yes,Tomato,Yes,Yes,Unstated,200,7.05,No,No,No,No,No,Yes,No,No,No,None,2,220,10
Rügen Fisch Salmon Fillets (Skinless and Boneless) in Water,6.5,Water,salmon,Germany,Rügen Fisch,Yes,No,None,Yes,Yes,Unstated,175,6.17,No,No,No,No,No,No,Possible Traces,Possible Traces,No,None,2,400,25
Rügen Fisch Smoked Herring Fillets in Canola Oil and Own Juice,4.5,Rapeseed Oil,herring,Germany,Rügen Fisch,Yes,No,None,Yes,No,Unstated,190,6.7,Yes,No,No,No,No,No,No,No,No,None,2,170,7
"Rügen Fisch Smoked Herring Fillets with Pepper, in Brine and Own Juice",4.5,Water,herring,Germany,Rügen Fisch,Yes,Yes,Pepper,Yes,No,Unstated,200,7.05,Yes,No,No,No,No,No,No,No,No,None,2,180,8
Rügen Fisch Smoked Kieler Sprats,4,Rapeseed Oil,sprats,Germany,Rügen Fisch,Yes,No,None,No,No,Unstated,110,3.88,Yes,No,No,No,No,No,No,No,No,None,1,230,10
Santa Catarina Tuna Fillets in Mediterranean Sauce,11,None,tuna,Portugal,Santa Catarina,Yes,No,Mediterreanean,,,4,120,4.2,No,No,No,Yes,Yes,Yes,No,No,No,None,2,270,11
Santa Catarina Tuna Fillets in Olive Oil and Azorean Pepper,11,Olive Oil,tuna,Portugal,Santa Catarina,Yes,No,Azorean Pepper,,,4,120,4.2,No,No,No,No,No,No,No,No,No,None,2,270,11
Santa Catarina Tuna Fillets in Olive Oil and Basil,11,Olive Oil,tuna,Portugal,Santa Catarina,Yes,No,Basil,,,4,120,4.2,No,No,No,No,No,No,No,No,No,None,2,270,11
Santa Catarina Tuna Fillets in Olive Oil and Curry,11,Olive Oil,tuna,Portugal,Santa Catarina,Yes,No,Curry,,,4,120,4.2,No,No,No,No,No,No,No,No,No,None,2,270,11
Santa Catarina Tuna Fillets in Olive Oil and Fennel,11,Olive Oil,tuna,Portugal,Santa Catarina,Yes,No,Fennel Seeds,,,4,120,4.2,No,No,No,No,No,No,No,No,No,None,2,270,11
Santa Catarina Tuna Fillets in Olive Oil and Oregano,11,Olive Oil,tuna,Portugal,Santa Catarina,Yes,No,Oregano,,,4,120,4.2,No,No,No,No,No,No,No,No,No,None,2,270,11
Santa Catarina Tuna Fillets in Olive Oil and Rosemary,11,Olive Oil,tuna,Portugal,Santa Catarina,Yes,No,Rosemary,,,4,120,4.2,No,No,No,No,No,No,No,No,No,None,2,270,11
Santa Catarina Tuna Fillets in Olive Oil and Thyme,11,Olive Oil,tuna,Portugal,Santa Catarina,Yes,No,Thyme,,,4,120,4.2,No,No,No,No,No,No,No,No,No,None,2,270,11
Santa Catarina Tuna Fillets in Organic Olive Oil,12,"Olive Oil, Organic",tuna,Portugal,Santa Catarina,Yes,No,None,,,4,120,4.2,No,No,No,No,No,No,No,No,Yes,None,2,270,11
Santa Catarina Tuna Fillets with Molho Cru,18,Olive Oil,tuna,Portugal,Santa Catarina,Yes,No,"onion, red bell pepper, olive oil, chili pepper paste (chilli pepper, salt, preservative benzoic acid), vinegar (white wine vinegar, water, preservative sulfur dioxide – contains SULPHITES), garlic, paprika, parsley, and salt",,,Unstated,120,4.2,No,No,No,Yes,Yes,No,No,No,No,None,2,270,11
Sardinha Lightly Smoked Sardines in Olive Oil,9,Olive Oil,sardines,Portugal,Sardinha,Yes,No,None,No,No,Unstated,120,4.2,Yes,No,No,No,No,No,No,No,No,None,,,
Sardinha Lightly Smoked Skinless and Boneless Sardines in Olive Oil,11.5,Olive Oil,sardines,Portugal,Sardinha,Yes,No,None,Yes,Yes,Unstated,120,4.2,Yes,No,No,No,No,No,No,No,No,None,,,
Sardinha Sardines in Spicy Tomato Sauce with Olive Oil,8,Olive Oil,sardines,Portugal,Sardinha,Yes,No,Spicy Tomato,No,No,Unstated,120,4.2,No,No,No,No,Yes,Yes,No,No,No,None,,,
Sardinha Sardines in Olive Oil with Truffle Flavor,8,Olive Oil,sardines,Portugal,Sardinha,Yes,No,Truffle Flavor,No,No,Unstated,120,4.2,No,No,No,No,No,No,No,No,No,None,,,
Sardinha Sardines in Escabeche,8,Sunflower Oil,sardines,Portugal,Sardinha,Yes,No,Escabeche,No,No,Unstated,120,4.2,No,No,No,No,No,No,No,No,No,None,,,
Sardinha Sardines in Olive Oil,8,Olive Oli,sardines,Portugal,Sardinha,Yes,No,None,No,No,Unstated,120,4.2,No,No,No,No,No,No,No,No,No,None,,,
Sardinha Sardines in Olive Oil with Curry,8,Olive Oil,sardines,Portugal,Sardinha,Yes,No,Curry,No,No,Unstated,120,4.2,No,No,No,No,No,No,No,No,No,None,,,
Sardinha Sardines in Olive Oil with Lemon,8,Olive Oil,sardines,Portugal,Sardinha,Yes,No,Lemon,No,No,Unstated,120,4.2,No,No,Yes,No,No,No,No,No,No,None,,,
Sardinha Sardines in Olive Oil with Oregano,8,Olive Oil,sardines,Portugal,Sardinha,Yes,No,Oregano,No,No,Unstated,120,4.2,No,No,No,No,No,No,No,No,No,None,,,
Sardinha Sardines in Olive Oil with Red Bell Pepper,8,Olive Oil,sardines,Portugal,Sardinha,Yes,No,Bell Pepper,No,No,Unstated,120,4.2,No,No,No,No,No,No,No,No,No,None,,,
Sardinha Sardines in Spicy Olive Oil with Pickles,8,Olive Oil,sardines,Portugal,Sardinha,Yes,No,Pickles,No,No,Unstated,120,4.2,No,No,No,No,No,No,No,No,No,None,,,
Sardinha Sardines in Tomato Sauce with Olive Oil,8,Olive Oil,sardines,Portugal,Sardinha,Yes,No,Tomato,No,No,Unstated,120,4.2,No,No,No,No,No,Yes,No,No,No,None,,,
Sardinha Skinless and Boneless Sardines in Olive Oil,11.5,Olive Oil,sardines,Portugal,Sardinha,Yes,No,None,Yes,Yes,Unstated,120,4.2,No,No,No,No,No,No,No,No,No,None,,,
Sardinha Skinless and Boneless Sardines in Spicy Olive Oil,11.5,Olive Oil,sardines,Portugal,Sardinha,Yes,No,Chili pepper,Yes,Yes,Unstated,120,4.2,No,No,No,No,Yes,No,No,No,No,None,,,
Sardinha Skinless and Boneless Sardines in Tomato Sauce with Olive Oil,11.5,Olive Oil,sardines,Portugal,Sardinha,Yes,No,Tomato,Yes,Yes,Unstated,120,4.2,No,No,No,No,No,Yes,No,No,No,None,,,
Sardinha Small Sardines in Olive Oil,8,Olive Oil,sardines,Portugal,Sardinha,Yes,No,None,No,No,Unstated,120,4.2,No,No,No,No,No,No,No,No,No,None,,,
Sempio Braised Anchovies in Soy Sauce,6,Corn Oil,anchovy,Korea,Sempio,Yes,Yes,"Almond, spices",,,Unstated,50,1.76,No,No,No,No,No,No,No,No,No,None,1,1,400
Sempio Braised Anchovies with Hot Pepper Paste (Gochujang),6,Corn Oil,anchovy,Korea,Sempio,Yes,Yes,"Gochujang, spices, almonds, pumpkin seed",,,Unstated,50,1.76,No,No,No,?,Yes,No,Yes,Yes,No,None,1,750,33
Sempio Braised Dried Pollock in Spicy Sauce (Gochujang),6,Corn Oil,pollock,Korea,Sempio,Yes,Yes,Gochujang,,,Unstated,50,1.76,No,No,No,No,Yes,No,?,?,No,None,1,690,30
Stabburet Stabbur-Makrell (Mackerel Fillet) in Tomato Sauce,11.5,Canola Oil,mackerel,Norway,Stabbuet,Yes,Yes,Tomato,,,Unstated,170,,No,No,No,No,No,Yes,No,No,No,None,1,?,?
Sunnmöre Fish Balls in Brine (Fiskeboller i kraft),14.5,Brine,smelt,Norway,Sunnmore,Yes,No,None,,,Unstated,800,,No,No,No,No,No,No,Yes,No,No,None,4,525,22
Sunnmöre Mackerel Fillets in Tomato Sauce,7,Rapeseed Oil,mackerel,Norway,Sunnmore,Yes,Yes,Tomato,,,Unstated,170,,No,No,No,No,No,Yes,No,No,No,None,1,?,?
Sunnmöre Peppered Mackerel (Peppermakrell),7,Rapeseed Oil,mackerel,Norway,Sunnmore,Yes,No,Pepper,,,Unstated,170,,No,No,No,No,No,No,No,No,No,None,1,?,?
Tiny Fish Co. Octopus with Lemon and Dill,17,"Sunflower Oil, Butter",octopus,USA,Tiny Fish Co.,Yes,No,"Lemon, Dill",,,Unstated,99,,No,No,Yes,No,No,No,Yes,No,No,None,2,618,27
"Tiny Fish Co. Black Cod in Soy Sauce (actually, it’s Tamari)",17,Tamari,cod,USA,Tiny Fish Co.,Yes,Yes,Tamari,Yes,Yes,Unstated,99,,No,No,No,No,No,No,No,No,No,None,2,1371,60
Tiny Fish Co. Smoked Geoduck with Black Pepper,21,None,geoduck clam,USA,Tiny Fish Co.,Yes,Yes,Black Pepper,,,Unstated,99,,Yes,No,No,No,No,No,No,No,No,None,2,618,27
Tiny Fish Co. Smoked Mussels en Escabeche,17,Extra Virgin Olive Oil,mussels,USA,Tiny Fish Co.,Yes,No,Escabeche,,,Unstated,133,,Yes,No,No,No,No,No,No,No,No,None,2,618,27
Trata Anchovies in Olive Oil,5,Olive Oil,anchovy,Greece,Trata,Yes,No,None,No,No,Unstated,100,3.5,No,No,No,No,No,No,No,No,No,Yes,7,80,4
Trata Sardines in Olive Oil,5,Olive Oil,sardines,Greece,Trata,Yes,No,None,No,No,Unstated,100,3.5,No,No,No,No,No,No,No,No,No,Yes,1,510,22
Trata Smoked Herring Fillet in Soybean Oil,6,Soybean Oil,herring,Greece,Trata,Yes,No,None,,No,Unstated,160,5.6,Yes,No,No,No,No,No,No,No,No,None,1,380,17
Wildfish Cannery Classic Coho Salmon,13,None,salmon,USA,Wildfish Cannery,Yes,Yes,None,Yes,No,Unstated,170,,No,No,No,Yes,No,No,No,No,No,None,3,310,13
Wildfish Cannery Smoked Coho Salmon,17,None,salmon,USA,Wildfish Cannery,Yes,Yes,None,Yes,No,,170,,Yes,No,No,No,No,No,No,No,No,None,3,350,14
Wildfish Cannery Smoked Geoduck,31.5,None,geoduck clam,USA,Wildfish Cannery,Yes,No,None,,,Unstated,170,,Yes,No,No,No,No,No,No,No,No,None,3,350,15
Wildfish Cannery Smoked Herring,12,None,herring,USA,Wildfish Cannery,Yes,Yes,None,No,No,Unstated,170,,Yes,No,No,No,No,No,No,No,No,None,3.5,189,8
Wildfish Cannery Smoked King Salmon,19.5,None,salmon,USA,Wildfish Cannery,Yes,Yes,None,Yes,No,,170,,Yes,No,No,No,No,No,No,No,No,None,3,360,15
Wildfish Cannery Smoked Octopus,26.5,None,octopus,USA,Wildfish Cannery,Yes,Yes,None,,,Unstated,170,,Yes,No,No,No,No,No,No,No,No,None,3,160,7
Wildfish Cannery Smoked Pink Salmon,14.5,None,salmon,USA,Wildfish Cannery,Yes,Yes,None,Yes,No,,170,,Yes,No,No,No,No,No,No,No,No,None,3,350,14
Wildfish Cannery Smoked Sockeye Salmon,19,None,salmon,USA,Wildfish Cannery,Yes,Yes,None,Yes,No,,170,,Yes,No,No,No,No,No,No,No,No,None,3,200,8
Wildfish Cannery Smoked White King Salmon,23,None,salmon,USA,Wildfish Cannery,Yes,Yes,None,Yes,No,,170,,Yes,No,No,No,No,No,No,No,No,None,3,360,15
Yurrita Cantabrian Anchovy Fillets in Olive Oil,12,Olive OIl,anchovy,Spain,Yurrita,Yes,No,None,Yes,Yes,Unstated,50,,No,No,No,No,No,No,No,No,No,OU,2,900,38
Yurrita Cockles in Brine 25/35,26,Water,cockles,Spain,Yurrita,Yes,No,None,,,25/35,111,,No,No,No,No,No,No,No,No,No,None,1,380,17
Yurrita Mussels in Pickled Sauce (Mejillones en Escabeche) 8/12,13.5,Sunflower Oil,mussels,Spain,Yurrita,Yes,No,Escabeche,,,8/12,111,,No,No,No,No,No,No,No,No,No,None,2,272,6
Yurrita Sardines in Olive Oil,8.5,Olive OIl,sardines,Spain,Yurrita,Yes,No,None,No,No,Unstated,120,,No,No,No,No,No,No,No,No,No,None,2,211,9
Yurrita Sardinillas (Small Sardines) in Olive Oil 10/14,10.5,Olive Oil,sardines,Spain,Yurrita,Yes,No,None,No,No,10/14,115,,No,No,No,No,No,No,No,No,No,None,2,146,6
Yurrita Squid in Ink Sauce,15,Sunflower Oil,squid,Spain,Yurrita,Yes,No,Ink,,,Unstated,111,,No,No,No,No,No,No,No,No,No,None,2,158,7
Yurrita Squid in Olive Oil,18,Olive Oil,squid,Spain,Yurrita,Yes,No,None,,,,111,,No,No,No,No,No,No,No,No,No,None,2,173,7
Yurrita Ventresca of White Tuna,21,Olive Oil,tuna,Spain,Yurrita,Yes,No,None,,,Unstated,111,,No,No,No,No,No,No,No,No,No,None,1,144,6
Yurrita Ventresca of Yellowfin Tuna,17,Olive Oil,tuna,Spain,Yurrita,Yes,No,None,,,,111,,No,No,No,No,No,No,No,No,No,None,4,187,8
Yurrita White Tuna in Olive Oil,10,Olive Oil,tuna,Spain,Yurrita,Yes,No,None,,,Unstated,111,,No,No,No,No,No,No,No,No,No,None,4,144,6
"Yurrita White Tuna in Olive Oil with Piquillo Peppers, Glass Jar",18,Olive Oil,tuna,Spain,Yurrita,Yes,No,Piquillo Peppers,,,,225,,No,No,No,No,No,No,No,No,No,None,4,144,6
"Yurrita White Tuna in Olive Oil, Glass Jar",16.5,Olive Oil,tuna,Spain,Yurrita,Yes,No,None,,,Unstated,190,,No,No,No,No,No,No,No,No,No,None,4,128,5
Zallo Bonito del Norte (White Tuna) in Escabeche,16,Olive Oil,tuna,Spain,Zallo,Yes,No,Escabeche,,,,112,,No,No,No,No,No,No,No,No,No,None,1,200,8
Zallo Bonito del Norte (White Tuna) in Olive Oil,17.5,Olive Oil,tuna,Spain,Zallo,Yes,No,None,,,,112,,No,No,No,No,No,No,No,No,No,None,1,440,19
"Zallo Bonito del Norte (White Tuna) in Olive Oil, glass jar",21,Olive Oil,tuna,Spain,Zallo,Yes,No,None,,,,220,,No,No,No,No,No,No,No,No,No,None,2.5,220,9
Zallo Ventresca Bonito del Norte (White Tuna Belly) in Olive Oil,30,Olive Oil,tuna,Spain,Zallo,Yes,No,None,,,,112,,No,No,No,No,No,No,No,No,No,None,1.5,220,9
Zallo Yellowfin (Atun Claro) Ventresca in Olive Oil,24.5,Olive Oil,tuna,Spain,Zallo,Yes,No,None,,,,112,,No,No,No,No,No,No,No,No,No,None,1,360,16